component,explained_variance_ratio,cumulative_explained_variance
1,0.13346067070960999,0.13346067070960999
2,0.056704286485910416,0.1901649571955204
3,0.030197873711586,0.2203628309071064
4,0.028764508664608,0.2491273395717144
5,0.0243767611682415,0.2735041007399559
6,0.022510990500450134,0.29601509124040604
7,0.018881628289818764,0.3148967195302248
8,0.017533278092741966,0.33242999762296677
9,0.01696370169520378,0.34939369931817055
10,0.015073983930051327,0.3644676832482219
11,0.013745402917265892,0.37821308616548777
12,0.012214473448693752,0.3904275596141815
13,0.0113153588026762,0.4017429184168577
14,0.01082718838006258,0.4125701067969203
15,0.010377699509263039,0.42294780630618334
16,0.010133777745068073,0.4330815840512514
17,0.009952869266271591,0.443034453317523
18,0.009095405228435993,0.452129858545959
19,0.008733580820262432,0.46086343936622143
20,0.008130237460136414,0.46899367682635784
21,0.007666428107768297,0.47666010493412614
22,0.007384837605059147,0.4840449425391853
23,0.007133296225219965,0.49117823876440525
24,0.007025295402854681,0.49820353416725993
25,0.006663339678198099,0.504866873845458
26,0.0064980038441717625,0.5113648776896298
27,0.006264352705329657,0.5176292303949594
28,0.006072967778891325,0.5237021981738508
29,0.005931084975600243,0.529633283149451
30,0.005810740403831005,0.535444023553282
31,0.005617051385343075,0.5410610749386251
32,0.00546095659956336,0.5465220315381885
33,0.005261603742837906,0.5517836352810264
34,0.00514044426381588,0.5569240795448422
35,0.004946417640894651,0.5618704971857369
36,0.004794021137058735,0.5666645183227956
37,0.004583139903843403,0.571247658226639
38,0.004502482246607542,0.5757501404732466
39,0.004350688774138689,0.5801008292473853
40,0.004260743036866188,0.5843615722842515
41,0.00420131953433156,0.588562891818583
42,0.00413117092102766,0.5926940627396107
43,0.004029253963381052,0.5967233167029917
44,0.003924812655895948,0.6006481293588877
45,0.0038111598696559668,0.6044592892285436
46,0.0037573189474642277,0.6082166081760079
47,0.0037032351829111576,0.611919843358919
48,0.0035965500865131617,0.6155163934454322
49,0.0035598911345005035,0.6190762845799327
50,0.003463303204625845,0.6225395877845585
51,0.003418243257328868,0.6259578310418874
52,0.003380671376362443,0.6293385024182498
53,0.0033586020581424236,0.6326971044763923
54,0.0032475360203534365,0.6359446404967457
55,0.0031947940587997437,0.6391394345555454
56,0.003087447490543127,0.6422268820460886
57,0.0030450914055109024,0.6452719734515995
58,0.003006202867254615,0.6482781763188541
59,0.002949739573523402,0.6512279158923775
60,0.00294079864397645,0.654168714536354
61,0.002870782045647502,0.6570394965820014
62,0.002820784691721201,0.6598602812737226
63,0.002740711672231555,0.6626009929459542
64,0.0026843079831451178,0.6652853009290993
65,0.0026543927378952503,0.6679396936669946
66,0.002611578209325671,0.6705512718763202
67,0.00256996788084507,0.6731212397571653
68,0.002539670094847679,0.675660909852013
69,0.002513854531571269,0.6781747643835843
70,0.002482772571966052,0.6806575369555503
71,0.0024430560879409313,0.6831005930434912
72,0.002399810589849949,0.6855004036333412
73,0.0023841490037739277,0.6878845526371151
74,0.0023543103598058224,0.6902388629969209
75,0.0023239171132445335,0.6925627801101655
76,0.002320610685274005,0.6948833907954395
77,0.0022451472468674183,0.6971285380423069
78,0.0022228164598345757,0.6993513545021415
79,0.002208164194598794,0.7015595186967403
80,0.0021581624168902636,0.7037176811136305
81,0.0021435453090816736,0.7058612264227122
82,0.0020910403691232204,0.7079522667918354
83,0.0020657444838434458,0.7100180112756789
84,0.0020372336730360985,0.712055244948715
85,0.00202044821344316,0.7140756931621581
86,0.00200870493426919,0.7160843980964273
87,0.001987552735954523,0.7180719508323818
88,0.0019543783273547888,0.7200263291597366
89,0.0019355047261342406,0.7219618338858709
90,0.0019083747174590826,0.72387020860333
91,0.0018948668148368597,0.7257650754181668
92,0.0018678451888263226,0.7276329206069931
93,0.0018486430635675788,0.7294815636705607
94,0.0018471579533070326,0.7313287216238678
95,0.0018369329627603292,0.7331656545866281
96,0.001802157610654831,0.7349678121972829
97,0.0017823437228798866,0.7367501559201628
98,0.0017683320911601186,0.7385184880113229
99,0.0017384565435349941,0.7402569445548579
100,0.0017294598510488868,0.7419864044059068
101,0.0017237913561984897,0.7437101957621053
102,0.0017015532357618213,0.7454117489978671
103,0.001685583614744246,0.7470973326126114
104,0.0016700227279216051,0.748767355340533
105,0.001648147590458393,0.7504155029309914
106,0.0016150656156241894,0.7520305685466155
107,0.0016060754423961043,0.7536366439890116
108,0.0015957197174429893,0.7552323637064546
109,0.0015832395292818546,0.7568156032357365
110,0.0015601032646372914,0.7583757065003738
111,0.0015541600296273828,0.7599298665300012
112,0.001539055840112269,0.7614689223701134
113,0.0015162831405177712,0.7629852055106312
114,0.0015041433507576585,0.7644893488613889
115,0.00149725959636271,0.7659866084577516
116,0.0014895019121468067,0.7674761103698984
117,0.0014714273856952786,0.7689475377555937
118,0.0014405831461772323,0.7703881209017709
119,0.0014253107365220785,0.771813431638293
120,0.0014187975320965052,0.7732322291703895
121,0.0014089720789343119,0.7746412012493238
122,0.0013998583890497684,0.7760410596383736
123,0.00139679538551718,0.7774378550238907
124,0.0013767631025984883,0.7788146181264892
125,0.001374316168949008,0.7801889342954382
126,0.0013606848660856485,0.7815496191615239
127,0.001343593467026949,0.7828932126285508
128,0.001340423128567636,0.7842336357571185
129,0.0013192037586122751,0.7855528395157307
130,0.0013083539670333266,0.7868611934827641
131,0.001295501715503633,0.7881566951982677
132,0.0012933991383761168,0.7894500943366438
133,0.001289459178224206,0.790739553514868
134,0.0012790958862751722,0.7920186494011432
135,0.0012673834571614861,0.7932860328583047
136,0.0012575553264468908,0.7945435881847516
137,0.0012502085883170366,0.7957937967730686
138,0.0012468448840081692,0.7970406416570768
139,0.0012410212075337768,0.7982816628646106
140,0.001230631722137332,0.7995122945867479
141,0.0012140428880229592,0.8007263374747708
142,0.0012088498333469033,0.8019351873081177
143,0.0011992676882073283,0.8031344549963251
144,0.0011855914490297437,0.8043200464453548
145,0.0011662699980661273,0.805486316443421
146,0.00115839927457273,0.8066447157179937
147,0.001156734419055283,0.807801450137049
148,0.0011490805773064494,0.8089505307143554
149,0.0011293977731838822,0.8100799284875393
150,0.0011242744512856007,0.8112042029388249
151,0.0011220836313441396,0.812326286570169
152,0.0011194763937965035,0.8134457629639655
153,0.0011055584764108062,0.8145513214403763
154,0.0010896007297560573,0.8156409221701324
155,0.0010836345609277487,0.8167245567310601
156,0.0010792871471494436,0.8178038438782096
157,0.0010644921567291021,0.8188683360349387
158,0.0010591915342956781,0.8199275275692344
159,0.0010453928261995316,0.8209729203954339
160,0.0010338349966332316,0.8220067553920671
161,0.0010254951193928719,0.82303225051146
162,0.0010211998596787453,0.8240534503711388
163,0.0010202315170317888,0.8250736818881705
164,0.0010154980700463057,0.8260891799582168
165,0.0010075147729367018,0.8270966947311535
166,0.0010013149585574865,0.828098009689711
167,0.0009936330607160926,0.8290916427504271
168,0.00098760228138417,0.8300792450318113
169,0.0009858746780082583,0.8310651197098196
170,0.0009737134678289294,0.8320388331776485
171,0.000968915643170476,0.833007748820819
172,0.0009635748574510217,0.83397132367827
173,0.0009564279462210834,0.8349277516244911
174,0.0009510804666206241,0.8358788320911117
175,0.0009429599740542471,0.8368217920651659
176,0.0009318890515714884,0.8377536811167374
177,0.0009272953029721975,0.8386809764197096
178,0.0009217338520102203,0.8396027102717198
179,0.0009100129245780408,0.8405127231962979
180,0.0009073982946574688,0.8414201214909554
181,0.0009054623078554869,0.8423255837988108
182,0.0009023422026075423,0.8432279260014184
183,0.0008947016322053969,0.8441226276336238
184,0.0008903858833946288,0.8450130135170184
185,0.000884049863088876,0.8458970633801073
186,0.0008755579474382102,0.8467726213275455
187,0.0008724561193957925,0.8476450774469413
188,0.0008617551065981388,0.8485068325535394
189,0.00085383903933689,0.8493606715928763
190,0.0008508488535881042,0.8502115204464644
191,0.0008386436384171247,0.8510501640848815
192,0.0008318010368384421,0.85188196512172
193,0.0008256306755356491,0.8527075957972556
194,0.0008227333892136812,0.8535303291864693
195,0.0008176505798473954,0.8543479797663167
196,0.0008116575190797448,0.8551596372853965
197,0.0008097059326246381,0.8559693432180211
198,0.00080582604277879,0.8567751692607999
199,0.0007976863998919725,0.8575728556606919
200,0.0007908360566943884,0.8583636917173862
201,0.0007848130771890283,0.8591485047945753
202,0.0007816995494067669,0.859930204343982
203,0.0007783700129948556,0.8607085743569769
204,0.0007708704215474427,0.8614794447785243
205,0.0007692863000556827,0.86224873107858
206,0.0007658093236386776,0.8630145404022187
207,0.000759412010665983,0.8637739524128847
208,0.0007585291750729084,0.8645324815879576
209,0.0007538919453509152,0.8652863735333085
210,0.0007484412635676563,0.8660348147968762
211,0.000744334131013602,0.8667791489278898
212,0.000732043816242367,0.8675111927441321
213,0.0007282756851054728,0.8682394684292376
214,0.0007220987463369966,0.8689615671755746
215,0.0007169308955781162,0.8696784980711527
216,0.0007139701629057527,0.8703924682340585
217,0.0007105586701072752,0.8711030269041657
218,0.0007090727449394763,0.8718120996491052
219,0.0007025258964858949,0.8725146255455911
220,0.000699386466294527,0.8732140120118856
221,0.0006944571505300701,0.8739084691624157
222,0.0006882195011712611,0.874596688663587
223,0.0006822681752964854,0.8752789568388835
224,0.0006745752762071788,0.8759535321150906
225,0.0006708079599775374,0.8766243400750682
226,0.0006698781508021057,0.8772942182258703
227,0.0006668702117167413,0.877961088437587
228,0.0006628999835811555,0.8786239884211682
229,0.000661078083794564,0.8792850665049627
230,0.0006562537746503949,0.8799413202796131
231,0.0006556520238518715,0.880596972303465
232,0.0006486008642241359,0.8812455731676891
233,0.0006396438111551106,0.8818852169788443
234,0.0006378568359650671,0.8825230738148093
235,0.0006330969627015293,0.8831561707775109
236,0.00062671082559973,0.8837828816031106
237,0.0006188953411765397,0.8844017769442871
238,0.0006168563268147409,0.8850186332711019
239,0.0006145008956082165,0.8856331341667101
240,0.0006095548742450774,0.8862426890409552
241,0.0006065272027626634,0.8868492162437178
242,0.0006048381910659373,0.8874540544347838
243,0.0006022988818585873,0.8880563533166423
244,0.0005959832342341542,0.8886523365508765
245,0.0005930020124651492,0.8892453385633416
246,0.000590548908803612,0.8898358874721453
247,0.0005854155169799924,0.8904213029891253
248,0.0005801168153993785,0.8910014198045246
249,0.0005775369354523718,0.891578956739977
250,0.000575922429561615,0.8921548791695386
251,0.000573591620195657,0.8927284707897343
252,0.0005707642994821072,0.8932992350892164
253,0.0005666374927386642,0.893865872581955
254,0.0005624951445497572,0.8944283677265048
255,0.0005605608457699418,0.8949889285722747
256,0.0005560778663493693,0.8955450064386241
257,0.0005548538756556809,0.8960998603142798
258,0.0005523358122445643,0.8966521961265244
259,0.0005473041092045605,0.8971995002357289
260,0.0005465295980684459,0.8977460298337974
261,0.000538986932951957,0.8982850167667493
262,0.0005367716657929122,0.8988217884325422
263,0.0005361998337320983,0.8993579882662743
264,0.0005317439208738506,0.8998897321871482
265,0.0005290760891512036,0.9004188082762994
266,0.0005263608763925731,0.900945169152692
267,0.0005239479942247272,0.9014691171469167
268,0.0005195459234528244,0.9019886630703695
269,0.0005170220974832773,0.9025056851678528
270,0.0005152256926521659,0.903020910860505
271,0.0005105165182612836,0.9035314273787662
272,0.0005094859516248107,0.904040913330391
273,0.0005048579769209027,0.904545771307312
274,0.000504335795994848,0.9050501071033068
275,0.0005005346611142159,0.905550641764421
276,0.0004950871225446463,0.9060457288869657
277,0.0004936124314554036,0.9065393413184211
278,0.0004923035739921033,0.9070316448924132
279,0.0004883905057795346,0.9075200353981927
280,0.0004846904776059091,0.9080047258757986
281,0.00048354329192079604,0.9084882691677194
282,0.0004819958994630724,0.9089702650671825
283,0.000479713809909299,0.9094499788770918
284,0.0004767718492075801,0.9099267507262994
285,0.0004753936664201319,0.9104021443927195
286,0.00047135609202086926,0.9108735004847404
287,0.0004695229581557214,0.9113430234428961
288,0.0004648682661354542,0.9118078917090315
289,0.000463767908513546,0.9122716596175451
290,0.0004608806048054248,0.9127325402223505
291,0.0004548686556518078,0.9131874088780023
292,0.00045229942770674825,0.9136397083057091
293,0.0004496429755818099,0.9140893512812909
294,0.0004474816669244319,0.9145368329482153
295,0.00044591494952328503,0.9149827478977386
296,0.0004421121848281473,0.9154248600825667
297,0.00043877228745259345,0.9158636323700193
298,0.0004359058220870793,0.9162995381921064
299,0.0004349758673924953,0.9167345140594989
300,0.0004313813988119364,0.9171658954583108
301,0.00042960906284861267,0.9175955045211595
302,0.0004286097246222198,0.9180241142457817
303,0.0004273118684068322,0.9184514261141885
304,0.00042298625339753926,0.918874412367586
305,0.00042178924195468426,0.9192962016095407
306,0.0004198321548756212,0.9197160337644164
307,0.00041704444447532296,0.9201330782088917
308,0.0004150572349317372,0.9205481354438234
309,0.00041080795926973224,0.9209589434030931
310,0.00041032364242710173,0.9213692670455202
311,0.00040779451956041157,0.9217770615650807
312,0.00040593728772364557,0.9221829988528043
313,0.00040465511847287416,0.9225876539712772
314,0.0004035553429275751,0.9229912093142048
315,0.0003998476604465395,0.9233910569746513
316,0.0003977775340899825,0.9237888345087413
317,0.00039560103323310614,0.9241844355419744
318,0.0003930063103325665,0.924577441852307
319,0.0003922068572137505,0.9249696487095207
320,0.0003906738420482725,0.925360322551569
321,0.00038971594767645,0.9257500384992454
322,0.0003869959618896246,0.926137034461135
323,0.00038672529626637697,0.9265237597574014
324,0.00038375332951545715,0.9269075130869169
325,0.00038158486131578684,0.9272890979482327
326,0.0003784246218856424,0.9276675225701183
327,0.00037699576932936907,0.9280445183394477
328,0.0003758222737815231,0.9284203406132292
329,0.0003735196078196168,0.9287938602210488
330,0.00037202663952484727,0.9291658868605737
331,0.0003713201149366796,0.9295372069755103
332,0.00036935319076292217,0.9299065601662733
333,0.000368234992492944,0.9302747951587662
334,0.00036584518966265023,0.9306406403484289
335,0.00036415562499314547,0.931004795973422
336,0.0003618714108597487,0.9313666673842818
337,0.0003573294379748404,0.9317239968222566
338,0.00035590463085100055,0.9320799014531076
339,0.00035369573743082583,0.9324335971905384
340,0.00035190104972571135,0.9327854982402641
341,0.00034776839311234653,0.9331332666333765
342,0.00034658805816434324,0.9334798546915408
343,0.00034607420093379915,0.9338259288924746
344,0.0003435186517890543,0.9341694475442637
345,0.00034258575760759413,0.9345120333018713
346,0.00034108286490663886,0.9348531161667779
347,0.0003394589002709836,0.9351925750670489
348,0.0003385601448826492,0.9355311352119315
349,0.00033555744448676705,0.9358666926564183
350,0.0003331147599965334,0.9361998074164148
351,0.0003317614318802953,0.9365315688482951
352,0.0003308619780000299,0.9368624308262952
353,0.0003299808013252914,0.9371924116276205
354,0.00032748476951383054,0.9375198963971343
355,0.0003270265879109502,0.9378469229850452
356,0.0003260869125369936,0.9381730098975822
357,0.00032221703440882266,0.9384952269319911
358,0.00032115011708810925,0.9388163770490792
359,0.00032014382304623723,0.9391365208721254
360,0.0003192196600139141,0.9394557405321393
361,0.00031728745670989156,0.9397730279888492
362,0.00031644097180105746,0.9400894689606503
363,0.00031392835080623627,0.9404033973114565
364,0.0003127023810520768,0.9407160996925086
365,0.000310431991238147,0.9410265316837467
366,0.0003092274710070342,0.9413357591547538
367,0.0003084776399191469,0.9416442367946729
368,0.00030628073727712035,0.94195051753195
369,0.00030527697526849806,0.9422557945072185
370,0.00030412073829211295,0.9425599152455106
371,0.00030256382888183,0.9428624790743925
372,0.0003016281989403069,0.9431641072733328
373,0.0002999721618834883,0.9434640794352163
374,0.00029932736651971936,0.943763406801736
375,0.00029843629454262555,0.9440618430962786
376,0.0002951191854663193,0.9443569622817449
377,0.000292173441266641,0.9446491357230116
378,0.00029146994347684085,0.9449406056664884
379,0.000289764633635059,0.9452303703001235
380,0.00028845577617175877,0.9455188260762952
381,0.00028799258871003985,0.9458068186650053
382,0.00028717058012261987,0.9460939892451279
383,0.0002848459407687187,0.9463788351858966
384,0.0002838084183167666,0.9466626436042134
385,0.0002814501931425184,0.9469440937973559
386,0.0002800318761728704,0.9472241256735288
387,0.00027959790895693004,0.9475037235824857
388,0.0002776813053060323,0.9477814048877917
389,0.0002771620638668537,0.9480585669516586
390,0.00027610914548859,0.9483346760971472
391,0.0002744486555457115,0.9486091247526929
392,0.00027354026678949594,0.9488826650194824
393,0.00027269255951978266,0.9491553575790022
394,0.000271850818535313,0.9494272083975375
395,0.0002692603738978505,0.9496964687714353
396,0.0002691179106477648,0.9499655866820831
397,0.00026766929659061134,0.9502332559786737
398,0.0002672323025763035,0.95050048828125
399,0.0002656904689501971,0.9507661787502002
400,0.00026425853138789535,0.9510304372815881
401,0.000263759313384071,0.9512941965949722
402,0.00026113211060874164,0.9515553287055809
403,0.0002605848421808332,0.9518159135477617
404,0.00025965803069993854,0.9520755715784617
405,0.0002586978080216795,0.9523342693864834
406,0.00025744925369508564,0.9525917186401784
407,0.0002563311718404293,0.9528480498120189
408,0.00025485610240139067,0.9531029059144203
409,0.0002529512858018279,0.9533558572002221
410,0.00025200325762853026,0.9536078604578506
411,0.00025045714573934674,0.95385831760359
412,0.0002497964014764875,0.9541081140050665
413,0.00024946610210463405,0.9543575801071711
414,0.0002477786911185831,0.9546053587982897
415,0.00024668092373758554,0.9548520397220273
416,0.0002462500415276736,0.9550982897635549
417,0.0002454149362165481,0.9553437046997715
418,0.00024455698439851403,0.95558826168417
419,0.00024373196356464177,0.9558319936477346
420,0.0002424929552944377,0.9560744866030291
421,0.00024193472927436233,0.9563164213323034
422,0.0002403005346423015,0.9565567218669457
423,0.00023926941503304988,0.9567959912819788
424,0.00023797077301423997,0.957033962054993
425,0.00023713339760433882,0.9572710954525974
426,0.00023620670253876597,0.9575073021551361
427,0.000234288745559752,0.9577415909006959
428,0.00023322504421230406,0.9579748159449082
429,0.0002327662950847298,0.9582075822399929
430,0.0002323098451597616,0.9584398920851527
431,0.00023126037558540702,0.9586711524607381
432,0.00023004997638054192,0.9589012024371186
433,0.000229591503739357,0.959130793940858
434,0.0002285697846673429,0.9593593637255253
435,0.00022831771639175713,0.9595876814419171
436,0.00022581644589081407,0.9598134978878079
437,0.0002250651887152344,0.9600385630765231
438,0.00022447679657489061,0.960263039873098
439,0.00022308691404759884,0.9604861267871456
440,0.0002219166053691879,0.9607080433925148
441,0.00022143908427096903,0.9609294824767858
442,0.00022054770670365542,0.9611500301834894
443,0.00021904877212364227,0.9613690789556131
444,0.00021793543419335037,0.9615870143898064
445,0.0002169587096432224,0.9618039730994496
446,0.0002158390561817214,0.9620198121556314
447,0.0002144821046385914,0.96223429426027
448,0.00021433977235574275,0.9624486340326257
449,0.00021338200895115733,0.9626620160415769
450,0.00021233387815300375,0.9628743499197299
451,0.00021180746261961758,0.9630861573823495
452,0.00021039652347099036,0.9632965539058205
453,0.0002091212518280372,0.9635056751576485
454,0.00020895828492939472,0.9637146334425779
455,0.00020816241158172488,0.9639227958541596
456,0.00020633279928006232,0.9641291286534397
457,0.00020583142759278417,0.9643349600810325
458,0.00020546185260172933,0.9645404219336342
459,0.00020515079086180776,0.964745572724496
460,0.0002035937795881182,0.9649491665040841
461,0.00020273029804229736,0.9651518968021264
462,0.00020202272571623325,0.9653539195278427
463,0.00020121055422350764,0.9655551300820662
464,0.0002002148685278371,0.965755344950594
465,0.00019902798521798104,0.965954372935812
466,0.00019828321819659323,0.9661526561540086
467,0.00019762299780268222,0.9663502791518113
468,0.0001970257144421339,0.9665473048662534
469,0.00019559448992367834,0.9667428993561771
470,0.0001951985905179754,0.966938097946695
471,0.0001948294957401231,0.9671329274424352
472,0.00019388935470487922,0.96732681679714
473,0.00019318236445542425,0.9675199991615955
474,0.00019190767488908023,0.9677119068364846
475,0.00019105052342638373,0.9679029573599109
476,0.00019082252401858568,0.9680937798839295
477,0.00018947954231407493,0.9682832594262436
478,0.00018876504327636212,0.96847202446952
479,0.00018820299010258168,0.9686602274596225
480,0.0001875157031463459,0.9688477431627689
481,0.00018674279272090644,0.9690344859554898
482,0.0001858956675278023,0.9692203816230176
483,0.00018548293155618012,0.9694058645545738
484,0.00018476821423973888,0.9695906327688135
485,0.00018397664825897664,0.9697746094170725
486,0.00018371467012912035,0.9699583240872016
487,0.0001821247860789299,0.9701404488732805
488,0.00018161565822083503,0.9703220645315014
489,0.00017989064508583397,0.9705019551765872
490,0.00017935203504748642,0.9706813072116347
491,0.00017920143727678806,0.9708605086489115
492,0.00017768327961675823,0.9710381919285282
493,0.00017731741536408663,0.9712155093438923
494,0.00017668152577243745,0.9713921908696648
495,0.00017652276437729597,0.9715687136340421
496,0.0001751837262418121,0.9717438973602839
497,0.00017387678963132203,0.9719177741499152
498,0.00017337396275252104,0.9720911481126677
499,0.0001727387571008876,0.9722638868697686
500,0.0001723592431517318,0.9724362461129203
501,0.00017151862266473472,0.9726077647355851
502,0.00017111000488512218,0.9727788747404702
503,0.00017047076835297048,0.9729493455088232
504,0.000169804145116359,0.9731191496539395
505,0.00016824764315970242,0.9732873972970992
506,0.00016793767281342298,0.9734553349699127
507,0.0001673268125159666,0.9736226617824286
508,0.000166864920174703,0.9737895267026033
509,0.00016609134036116302,0.9739556180429645
510,0.0001651118800509721,0.9741207299230155
511,0.00016410922398790717,0.9742848391470034
512,0.00016366255294997245,0.9744485016999533
513,0.00016256289381999522,0.9746110645937733
514,0.00016163037798833102,0.9747726949717617
515,0.0001607521844562143,0.9749334471562179
516,0.0001601039693923667,0.9750935511256102
517,0.00015942769823595881,0.9752529788238462
518,0.0001590361207490787,0.9754120149445953
519,0.00015860647545196116,0.9755706214200472
520,0.00015823487774468958,0.9757288562977919
521,0.00015729755978100002,0.9758861538575729
522,0.00015678067575208843,0.976042934533325
523,0.00015589022950734943,0.9761988247628324
524,0.00015533034456893802,0.9763541551074013
525,0.00015494809485971928,0.976509103202261
526,0.0001540855155326426,0.9766631887177937
527,0.00015327776782214642,0.9768164664856158
528,0.0001530042354715988,0.9769694707210874
529,0.00015233788872137666,0.9771218086098088
530,0.00015140592586249113,0.9772732145356713
531,0.0001505691179772839,0.9774237836536486
532,0.0001504150131950155,0.9775741986668436
533,0.00014979278785176575,0.9777239914546954
534,0.000149253144627437,0.9778732445993228
535,0.00014863250544294715,0.9780218771047657
536,0.00014809709682594985,0.9781699742015917
537,0.00014734259457327425,0.978317316796165
538,0.00014671855024062097,0.9784640353464056
539,0.0001464575616410002,0.9786104929080466
540,0.0001460355124436319,0.9787565284204902
541,0.0001454174635000527,0.9789019458839903
542,0.0001450096897315234,0.9790469555737218
543,0.00014455711061600596,0.9791915126843378
544,0.00014346659008879215,0.9793349792744266
545,0.00014267080405261368,0.9794776500784792
546,0.00014251499669626355,0.9796201650751755
547,0.00014221049787010998,0.9797623755730456
548,0.00014161135186441243,0.97990398692491
549,0.00014130232739262283,0.9800452892523026
550,0.00014024210395291448,0.9801855313562555
551,0.00014004390686750412,0.980325575263123
552,0.00013945317186880857,0.9804650284349918
553,0.0001385431969538331,0.9806035716319457
554,0.00013776225387118757,0.9807413338858169
555,0.00013727469195146114,0.9808786085777683
556,0.0001371294492855668,0.9810157380270539
557,0.0001366420037811622,0.981152380030835
558,0.00013570593728218228,0.9812880859681172
559,0.00013535370817407966,0.9814234396762913
560,0.00013515498721972108,0.981558594663511
561,0.0001341066526947543,0.9816927013162058
562,0.00013352303358260542,0.9818262243497884
563,0.00013296784891281277,0.9819591921987012
564,0.00013226245937403291,0.9820914546580752
565,0.00013185168791096658,0.9822233063459862
566,0.00013172664330340922,0.9823550329892896
567,0.00013129606668371707,0.9824863290559733
568,0.00013064000813756138,0.9826169690641109
569,0.00013013665738981217,0.9827471057215007
570,0.00012967837392352521,0.9828767840954242
571,0.00012893906387034804,0.9830057231592946
572,0.0001278053823625669,0.9831335285416571
573,0.000127074119518511,0.9832606026611757
574,0.00012684067769441754,0.9833874433388701
575,0.00012623037036973983,0.9835136737092398
576,0.00012593228893820196,0.983639605998178
577,0.0001256454997928813,0.9837652514979709
578,0.000125360835227184,0.9838906123331981
579,0.00012503711332101375,0.9840156494465191
580,0.00012447724293451756,0.9841401266894536
581,0.0001231437490787357,0.9842632704385323
582,0.00012235136819072068,0.9843856218067231
583,0.00012218774645589292,0.984507809553179
584,0.00012176117888884619,0.9846295707320678
585,0.00012116259313188493,0.9847507333251997
586,0.00012089455412933603,0.984871627879329
587,0.00012060730659868568,0.9849922351859277
588,0.00011988980259047821,0.9851121249885182
589,0.00011973583605140448,0.9852318608245696
590,0.00011962870485149324,0.9853514895294211
591,0.00011914787319255993,0.9854706374026136
592,0.0001189866743516177,0.9855896240769653
593,0.00011790442658821121,0.9857075285035535
594,0.00011767974501708522,0.9858252082485706
595,0.00011737705790437758,0.9859425853064749
596,0.00011686889047268778,0.9860594541969476
597,0.00011618863936746493,0.9861756428363151
598,0.00011567269393708557,0.9862913155302522
599,0.00011540400009835139,0.9864067195303505
600,0.00011435385385993868,0.9865210733842105
601,0.0001137314538937062,0.9866348048381042
602,0.00011344243830535561,0.9867482472764095
603,0.00011306847591185942,0.9868613157523214
604,0.00011265913053648546,0.9869739748828579
605,0.00011196170817129314,0.9870859365910292
606,0.00011191593512194231,0.9871978525261511
607,0.00011112376523669809,0.9873089762913878
608,0.00011053045454900712,0.9874195067459368
609,0.00011016477947123349,0.987529671525408
610,0.00010989920701831579,0.9876395707324264
611,0.00010966906847897917,0.9877492398009053
612,0.00010957506310660392,0.987858814864012
613,0.00010858876339625567,0.9879674036274082
614,0.00010801642201840878,0.9880754200494266
615,0.00010778448631754145,0.9881832045357442
616,0.00010749700595624745,0.9882907015417004
617,0.00010680504783522338,0.9883975065895356
618,0.00010598397784633562,0.988503490567382
619,0.00010575226770015433,0.9886092428350821
620,0.00010533097520237789,0.9887145738102845
621,0.00010512628796277568,0.9888197000982473
622,0.0001044844975695014,0.9889241845958168
623,0.00010407557419966906,0.9890282601700164
624,0.00010344255133531988,0.9891317027213518
625,0.00010312455560779199,0.9892348272769595
626,0.0001024177108774893,0.989337244987837
627,0.0001020569761749357,0.989439301964012
628,0.00010179745004279539,0.9895410994140548
629,0.0001011679123621434,0.9896422673264169
630,0.00010086415568366647,0.9897431314821006
631,0.00010054284211946651,0.98984367432422
632,0.00010029422992374748,0.9899439685541438
633,9.990603575715795e-05,0.990043874589901
634,9.950660751201212e-05,0.990143381197413
635,9.902159217745066e-05,0.9902424027895904
636,9.879118442768231e-05,0.9903411939740181
637,9.825498273130506e-05,0.9904394489567494
638,9.76436713244766e-05,0.9905370926280739
639,9.736671927385032e-05,0.9906344593473477
640,9.7146890766453e-05,0.9907316062381142
641,9.671754378359765e-05,0.9908283237818978
642,9.647552360547706e-05,0.9909247993055033
643,9.575847798259929e-05,0.9910205577834859
644,9.520268213236704e-05,0.9911157604656182
645,9.470819350099191e-05,0.9912104686591192
646,9.447972115594894e-05,0.9913049483802752
647,9.370561019750312e-05,0.9913986539904727
648,9.337608207715675e-05,0.9914920300725498
649,9.308864537160844e-05,0.9915851187179214
650,9.268437861464918e-05,0.9916778030965361
651,9.19156736927107e-05,0.9917697187702288
652,9.180380584439263e-05,0.9918615225760732
653,9.17100187507458e-05,0.9919532325948239
654,9.127250086748973e-05,0.9920445050956914
655,9.066372876986861e-05,0.9921351688244613
656,9.031873196363449e-05,0.9922254875564249
657,9.005505125969648e-05,0.9923155426076846
658,8.961525600170717e-05,0.9924051578636863
659,8.936525409808382e-05,0.9924945231177844
660,8.855667692841962e-05,0.9925830797947128
661,8.826846169540659e-05,0.9926713482564082
662,8.800216164672747e-05,0.992759350418055
663,8.748177060624585e-05,0.9928468321886612
664,8.73529861564748e-05,0.9929341851748177
665,8.65891415742226e-05,0.9930207743163919
666,8.619790605735034e-05,0.9931069722224493
667,8.58521816553548e-05,0.9931928244041046
668,8.55929683893919e-05,0.993278417372494
669,8.490230538882315e-05,0.9933633196778828
670,8.463374979328364e-05,0.9934479534276761
671,8.409354632021859e-05,0.9935320469739963
672,8.399411308346316e-05,0.9936160410870798
673,8.345366950379685e-05,0.9936994947565836
674,8.31345168990083e-05,0.9937826292734826
675,8.275594154838473e-05,0.993865385215031
676,8.242594049079344e-05,0.9939478111555218
677,8.220913878176361e-05,0.9940300202943035
678,8.149565837811679e-05,0.9941115159526817
679,8.12770813354291e-05,0.9941927930340171
680,8.105965389404446e-05,0.9942738526879111
681,8.057311788434163e-05,0.9943544258057955
682,8.039645035751164e-05,0.994434822256153
683,8.018325752345845e-05,0.9945150055136764
684,7.934979657875374e-05,0.9945943553102552
685,7.911286229500547e-05,0.9946734681725502
686,7.90511112427339e-05,0.9947525192837929
687,7.839832687750459e-05,0.9948309176106704
688,7.782484317431226e-05,0.9949087424538448
689,7.758259016554803e-05,0.9949863250440103
690,7.744527101749554e-05,0.9950637703150278
691,7.695805106777698e-05,0.9951407283660956
692,7.646997983101755e-05,0.9952171983459266
693,7.60989569243975e-05,0.995293297302851
694,7.566056592622772e-05,0.9953689578687772
695,7.536790508311242e-05,0.9954443257738603
696,7.481957436539233e-05,0.9955191453482257
697,7.453921716660261e-05,0.9955936845653923
698,7.426961383316666e-05,0.9956679541792255
699,7.369813101831824e-05,0.9957416523102438
700,7.33865235815756e-05,0.9958150388338254
701,7.284199091373011e-05,0.9958878808247391
702,7.258593541337177e-05,0.9959604667601525
703,7.221398846013471e-05,0.9960326807486126
704,7.197204104159027e-05,0.9961046527896542
705,7.14894340489991e-05,0.9961761422237032
706,7.101714436430484e-05,0.9962471593680675
707,7.076454494381323e-05,0.9963179239130113
708,7.046238170005381e-05,0.9963883862947114
709,7.0087073254399e-05,0.9964584733679658
710,6.948839290998876e-05,0.9965279617608758
711,6.928654329385608e-05,0.9965972483041696
712,6.860842404421419e-05,0.9966658567282138
713,6.83320831740275e-05,0.9967341888113879
714,6.783815479138866e-05,0.9968020269661793
715,6.759235839126632e-05,0.9968696193245705
716,6.707491411361843e-05,0.9969366942386841
717,6.660641520284116e-05,0.997003300653887
718,6.595213926630095e-05,0.9970692527931533
719,6.564449722645804e-05,0.9971348972903797
720,6.54287650831975e-05,0.9972003260554629
721,6.492224201792851e-05,0.9972652482974809
722,6.459795986302197e-05,0.9973298462573439
723,6.443562597269192e-05,0.9973942818833166
724,6.387743633240461e-05,0.997458159319649
725,6.354769720928743e-05,0.9975217070168583
726,6.282469985308126e-05,0.9975845317167114
727,6.259071233216673e-05,0.9976471224290435
728,6.202043005032465e-05,0.9977091428590938
729,6.178630428621545e-05,0.9977709291633801
730,6.131551344878972e-05,0.9978322446768289
731,6.0917740484001115e-05,0.9978931624173129
732,6.059707811800763e-05,0.9979537594954309
733,6.035239130142145e-05,0.9980141118867323
734,5.98240367253311e-05,0.9980739359234576
735,5.965517266304232e-05,0.9981335910961207
736,5.9408015658846125e-05,0.9981929991117795
737,5.855451672687195e-05,0.9982515536285064
738,5.798180427518673e-05,0.9983095354327816
739,5.760930071119219e-05,0.9983671447334928
740,5.736231105402112e-05,0.9984245070445468
741,5.670418977388181e-05,0.9984812112343207
742,5.621802847599611e-05,0.9985374292627966
743,5.5484939366579056e-05,0.9985929142021632
744,5.5279091611737385e-05,0.998648193293775
745,5.486158624989912e-05,0.9987030548800249
746,5.472649718285538e-05,0.9987577813772077
747,5.423426046036184e-05,0.9988120156376681
748,5.417294232756831e-05,0.9988661885799957
749,5.342991789802909e-05,0.9989196184978937
750,5.324305675458163e-05,0.9989728615546483
751,5.2159819460939616e-05,0.9990250213741092
752,5.205662819207646e-05,0.9990770780023013
753,5.184421024750918e-05,0.9991289222125488
754,5.070315091870725e-05,0.9991796253634675
755,5.044220597483218e-05,0.9992300675694423
756,5.0079786888090894e-05,0.9992801473563304
757,4.890075433650054e-05,0.9993290481106669
758,4.852885831496678e-05,0.9993775769689819
759,4.795830318471417e-05,0.9994255352721666
760,4.701428770204075e-05,0.9994725495598686
761,4.669468762585893e-05,0.9995192442474945
762,4.61106828879565e-05,0.9995653549303825
763,4.5276701712282375e-05,0.9996106316320947
764,4.51043488283176e-05,0.999655735980923
765,4.3118321627844125e-05,0.9996988543025509
766,4.25296020694077e-05,0.9997413839046203
767,4.1712857637321576e-05,0.9997830967622576
768,4.026915485155769e-05,0.9998233659171092
769,3.772146737901494e-05,0.9998610873844882
770,3.472146636340767e-05,0.9998958088508516
771,3.21936713589821e-05,0.9999280025222106
772,2.6389599952381104e-05,0.999954392122163
773,2.0721479813801125e-05,0.9999751136019768
774,1.2970670468348544e-05,0.9999880842724451
775,9.699385373096447e-06,0.9999977836578182
776,2.183231117669493e-06,0.9999999668889359
777,1.393726010862355e-16,0.999999966888936
