generated_at_utc,seed,split,model_variant,threshold,threshold_strategy,accuracy,macro_f1,precision_fake,recall_fake,f1_fake,support_real,support_fake,roc_auc,pr_auc,brier_score,tn,fp,fn,tp,target_precision_fake,target_met,candidate_name,candidate_type,selection_rule,is_selected_threshold
2026-06-01T08:39:12.947316+00:00,42,val_calibration,blend_dl00_xgb05_lgbm05,0.01,threshold_sweep,0.4091971940763835,0.2903761061946903,0.4091971940763835,1.0,0.5807522123893806,1516,1050,0.9146337479582862,0.9082632183365567,0.10484478419961625,0,1516,0,1050,0.975,False,blend_dl00_xgb05_lgbm05,weighted_blend,,False
2026-06-01T08:39:12.955172+00:00,42,val_calibration,blend_dl00_xgb05_lgbm05,0.02,threshold_sweep,0.4091971940763835,0.2903761061946903,0.4091971940763835,1.0,0.5807522123893806,1516,1050,0.9146337479582862,0.9082632183365567,0.10484478419961625,0,1516,0,1050,0.975,False,blend_dl00_xgb05_lgbm05,weighted_blend,,False
2026-06-01T08:39:12.963457+00:00,42,val_calibration,blend_dl00_xgb05_lgbm05,0.03,threshold_sweep,0.4091971940763835,0.29091886114094434,0.4091263650546022,0.9990476190476191,0.5805201992252352,1516,1050,0.9146337479582862,0.9082632183365567,0.10484478419961625,1,1515,1,1049,0.975,False,blend_dl00_xgb05_lgbm05,weighted_blend,,False
2026-06-01T08:39:12.971884+00:00,42,val_calibration,blend_dl00_xgb05_lgbm05,0.04,threshold_sweep,0.4130943102104443,0.2982644356764735,0.4107282693813626,0.9990476190476191,0.5821309655937846,1516,1050,0.9146337479582862,0.9082632183365567,0.10484478419961625,11,1505,1,1049,0.975,False,blend_dl00_xgb05_lgbm05,weighted_blend,,False
2026-06-01T08:39:12.979881+00:00,42,val_calibration,blend_dl00_xgb05_lgbm05,0.05,threshold_sweep,0.4201091192517537,0.311284577294625,0.4136435331230284,0.9990476190476191,0.5850529838259899,1516,1050,0.9146337479582862,0.9082632183365567,0.10484478419961625,29,1487,1,1049,0.975,False,blend_dl00_xgb05_lgbm05,weighted_blend,,False
2026-06-01T08:39:12.987992+00:00,42,val_calibration,blend_dl00_xgb05_lgbm05,0.06,threshold_sweep,0.4372564302416212,0.3420723110632873,0.4209470304975923,0.9990476190476191,0.5923207227555054,1516,1050,0.9146337479582862,0.9082632183365567,0.10484478419961625,73,1443,1,1049,0.975,False,blend_dl00_xgb05_lgbm05,weighted_blend,,False
2026-06-01T08:39:12.996274+00:00,42,val_calibration,blend_dl00_xgb05_lgbm05,0.07,threshold_sweep,0.4618082618862042,0.3849659484593715,0.4316962443252167,0.9961904761904762,0.6023610711200691,1516,1050,0.9146337479582862,0.9082632183365567,0.10484478419961625,139,1377,4,1046,0.975,False,blend_dl00_xgb05_lgbm05,weighted_blend,,False
2026-06-01T08:39:13.004582+00:00,42,val_calibration,blend_dl00_xgb05_lgbm05,0.08,threshold_sweep,0.4886983632112237,0.42830593669338407,0.4442553191489362,0.9942857142857143,0.6141176470588235,1516,1050,0.9146337479582862,0.9082632183365567,0.10484478419961625,210,1306,6,1044,0.975,False,blend_dl00_xgb05_lgbm05,weighted_blend,,False
2026-06-01T08:39:13.012550+00:00,42,val_calibration,blend_dl00_xgb05_lgbm05,0.09,threshold_sweep,0.5183164458300857,0.47358441335986345,0.4589222614840989,0.9895238095238095,0.6270368135184068,1516,1050,0.9146337479582862,0.9082632183365567,0.10484478419961625,291,1225,11,1039,0.975,False,blend_dl00_xgb05_lgbm05,weighted_blend,,False
2026-06-01T08:39:13.020757+00:00,42,val_calibration,blend_dl00_xgb05_lgbm05,0.1,threshold_sweep,0.5498830865159782,0.5187145975761078,0.47579529737206083,0.9828571428571429,0.641192917054986,1516,1050,0.9146337479582862,0.9082632183365567,0.10484478419961625,379,1137,18,1032,0.975,False,blend_dl00_xgb05_lgbm05,weighted_blend,,False
2026-06-01T08:39:13.029113+00:00,42,val_calibration,blend_dl00_xgb05_lgbm05,0.11,threshold_sweep,0.5857365549493375,0.5661659931694386,0.49684619116933526,0.9752380952380952,0.658309225329476,1516,1050,0.9146337479582862,0.9082632183365567,0.10484478419961625,479,1037,26,1024,0.975,False,blend_dl00_xgb05_lgbm05,weighted_blend,,False
2026-06-01T08:39:13.037670+00:00,42,val_calibration,blend_dl00_xgb05_lgbm05,0.12,threshold_sweep,0.6149649259547935,0.6020651360433169,0.5156723963599595,0.9714285714285714,0.6737120211360634,1516,1050,0.9146337479582862,0.9082632183365567,0.10484478419961625,558,958,30,1020,0.975,False,blend_dl00_xgb05_lgbm05,weighted_blend,,False
2026-06-01T08:39:13.045719+00:00,42,val_calibration,blend_dl00_xgb05_lgbm05,0.13,threshold_sweep,0.6434138737334373,0.6360498647446471,0.5358851674641149,0.96,0.6878198567041965,1516,1050,0.9146337479582862,0.9082632183365567,0.10484478419961625,643,873,42,1008,0.975,False,blend_dl00_xgb05_lgbm05,weighted_blend,,False
2026-06-01T08:39:13.053771+00:00,42,val_calibration,blend_dl00_xgb05_lgbm05,0.14,threshold_sweep,0.6745908028059237,0.6709748702202627,0.5602240896358543,0.9523809523809523,0.7054673721340388,1516,1050,0.9146337479582862,0.9082632183365567,0.10484478419961625,731,785,50,1000,0.975,False,blend_dl00_xgb05_lgbm05,weighted_blend,,False
2026-06-01T08:39:13.061881+00:00,42,val_calibration,blend_dl00_xgb05_lgbm05,0.15,threshold_sweep,0.6975837879968823,0.695881109896736,0.5802107728337237,0.9438095238095238,0.7186366932559826,1516,1050,0.9146337479582862,0.9082632183365567,0.10484478419961625,799,717,59,991,0.975,False,blend_dl00_xgb05_lgbm05,weighted_blend,,False
2026-06-01T08:39:13.070119+00:00,42,val_calibration,blend_dl00_xgb05_lgbm05,0.16,threshold_sweep,0.7194076383476228,0.7188330365703328,0.6011029411764706,0.9342857142857143,0.7315436241610739,1516,1050,0.9146337479582862,0.9082632183365567,0.10484478419961625,865,651,69,981,0.975,False,blend_dl00_xgb05_lgbm05,weighted_blend,,False
2026-06-01T08:39:13.078517+00:00,42,val_calibration,blend_dl00_xgb05_lgbm05,0.17,threshold_sweep,0.735385814497272,0.7352361892127433,0.6176284083703234,0.9276190476190476,0.7415302626570233,1516,1050,0.9146337479582862,0.9082632183365567,0.10484478419961625,913,603,76,974,0.975,False,blend_dl00_xgb05_lgbm05,weighted_blend,,False
2026-06-01T08:39:13.090841+00:00,42,val_calibration,blend_dl00_xgb05_lgbm05,0.18,threshold_sweep,0.7513639906469213,0.7513638396003129,0.6357048748353096,0.919047619047619,0.7515576323987538,1516,1050,0.9146337479582862,0.9082632183365567,0.10484478419961625,963,553,85,965,0.975,False,blend_dl00_xgb05_lgbm05,weighted_blend,,False
2026-06-01T08:39:13.104255+00:00,42,val_calibration,blend_dl00_xgb05_lgbm05,0.19,threshold_sweep,0.7622759158222915,0.7622122106307059,0.6492537313432836,0.9114285714285715,0.7583201267828843,1516,1050,0.9146337479582862,0.9082632183365567,0.10484478419961625,999,517,93,957,0.975,False,blend_dl00_xgb05_lgbm05,weighted_blend,,False
2026-06-01T08:39:13.114958+00:00,42,val_calibration,blend_dl00_xgb05_lgbm05,0.2,threshold_sweep,0.7755261106780982,0.7752371845523011,0.6664325842696629,0.9038095238095238,0.767178658043654,1516,1050,0.9146337479582862,0.9082632183365567,0.10484478419961625,1041,475,101,949,0.975,False,blend_dl00_xgb05_lgbm05,weighted_blend,,False
2026-06-01T08:39:13.127703+00:00,42,val_calibration,blend_dl00_xgb05_lgbm05,0.21,threshold_sweep,0.7868277474668746,0.7860470759783309,0.6847905951506246,0.8876190476190476,0.7731231854002488,1516,1050,0.9146337479582862,0.9082632183365567,0.10484478419961625,1087,429,118,932,0.975,False,blend_dl00_xgb05_lgbm05,weighted_blend,,False
2026-06-01T08:39:13.140953+00:00,42,val_calibration,blend_dl00_xgb05_lgbm05,0.22,threshold_sweep,0.7911145752143414,0.7898633981304025,0.6949924127465857,0.8723809523809524,0.7736486486486487,1516,1050,0.9146337479582862,0.9082632183365567,0.10484478419961625,1114,402,134,916,0.975,False,blend_dl00_xgb05_lgbm05,weighted_blend,,False
2026-06-01T08:39:13.152942+00:00,42,val_calibration,blend_dl00_xgb05_lgbm05,0.23,threshold_sweep,0.8043647700701481,0.8025500318830627,0.715748031496063,0.8657142857142858,0.7836206896551724,1516,1050,0.9146337479582862,0.9082632183365567,0.10484478419961625,1155,361,141,909,0.975,False,blend_dl00_xgb05_lgbm05,weighted_blend,,False
2026-06-01T08:39:13.164652+00:00,42,val_calibration,blend_dl00_xgb05_lgbm05,0.24,threshold_sweep,0.8055339049103664,0.8033730062753427,0.7209302325581395,0.8561904761904762,0.782760121898128,1516,1050,0.9146337479582862,0.9082632183365567,0.10484478419961625,1168,348,151,899,0.975,False,blend_dl00_xgb05_lgbm05,weighted_blend,,False
2026-06-01T08:39:13.175728+00:00,42,val_calibration,blend_dl00_xgb05_lgbm05,0.25,threshold_sweep,0.813717848791894,0.8110305174156334,0.7363636363636363,0.8485714285714285,0.7884955752212389,1516,1050,0.9146337479582862,0.9082632183365567,0.10484478419961625,1197,319,159,891,0.975,False,blend_dl00_xgb05_lgbm05,weighted_blend,,False
2026-06-01T08:39:13.188159+00:00,42,val_calibration,blend_dl00_xgb05_lgbm05,0.26,threshold_sweep,0.8261886204208886,0.8228551191155046,0.7594501718213058,0.8419047619047619,0.7985546522131888,1516,1050,0.9146337479582862,0.9082632183365567,0.10484478419961625,1236,280,166,884,0.975,False,blend_dl00_xgb05_lgbm05,weighted_blend,,False
2026-06-01T08:39:13.200586+00:00,42,val_calibration,blend_dl00_xgb05_lgbm05,0.27,threshold_sweep,0.8300857365549493,0.826397785391529,0.7688266199649737,0.8361904761904762,0.801094890510949,1516,1050,0.9146337479582862,0.9082632183365567,0.10484478419961625,1252,264,172,878,0.975,False,blend_dl00_xgb05_lgbm05,weighted_blend,,False
2026-06-01T08:39:13.213401+00:00,42,val_calibration,blend_dl00_xgb05_lgbm05,0.28,threshold_sweep,0.8343725643024162,0.8303107310743678,0.7792672028596962,0.8304761904761905,0.8040571692023974,1516,1050,0.9146337479582862,0.9082632183365567,0.10484478419961625,1269,247,178,872,0.975,False,blend_dl00_xgb05_lgbm05,weighted_blend,,False
2026-06-01T08:39:13.222473+00:00,42,val_calibration,blend_dl00_xgb05_lgbm05,0.29,threshold_sweep,0.8394388152766953,0.8350619817175151,0.7905282331511839,0.8266666666666667,0.8081936685288641,1516,1050,0.9146337479582862,0.9082632183365567,0.10484478419961625,1286,230,182,868,0.975,False,blend_dl00_xgb05_lgbm05,weighted_blend,,False
2026-06-01T08:39:13.230629+00:00,42,val_calibration,blend_dl00_xgb05_lgbm05,0.3,threshold_sweep,0.8421667965705378,0.8374966830233814,0.7983348751156337,0.8219047619047619,0.8099483810417645,1516,1050,0.9146337479582862,0.9082632183365567,0.10484478419961625,1298,218,187,863,0.975,False,blend_dl00_xgb05_lgbm05,weighted_blend,,False
2026-06-01T08:39:13.238312+00:00,42,val_calibration,blend_dl00_xgb05_lgbm05,0.31,threshold_sweep,0.843335931410756,0.8383648894616237,0.8039399624765479,0.8161904761904762,0.8100189035916824,1516,1050,0.9146337479582862,0.9082632183365567,0.10484478419961625,1307,209,193,857,0.975,False,blend_dl00_xgb05_lgbm05,weighted_blend,,False
2026-06-01T08:39:13.245839+00:00,42,val_calibration,blend_dl00_xgb05_lgbm05,0.32,threshold_sweep,0.8464536243180046,0.8412168614147506,0.8123809523809524,0.8123809523809524,0.8123809523809524,1516,1050,0.9146337479582862,0.9082632183365567,0.10484478419961625,1319,197,197,853,0.975,False,blend_dl00_xgb05_lgbm05,weighted_blend,,False
2026-06-01T08:39:13.253612+00:00,42,val_calibration,blend_dl00_xgb05_lgbm05,0.33,threshold_sweep,0.8487918939984411,0.8433089558693827,0.8194980694980695,0.8085714285714286,0.8139980824544583,1516,1050,0.9146337479582862,0.9082632183365567,0.10484478419961625,1329,187,201,849,0.975,False,blend_dl00_xgb05_lgbm05,weighted_blend,,False
2026-06-01T08:39:13.261346+00:00,42,val_calibration,blend_dl00_xgb05_lgbm05,0.34,threshold_sweep,0.8515198752922837,0.8455372297640935,0.8308605341246291,0.8,0.8151382823871907,1516,1050,0.9146337479582862,0.9082632183365567,0.10484478419961625,1345,171,210,840,0.975,False,blend_dl00_xgb05_lgbm05,weighted_blend,,False
2026-06-01T08:39:13.268684+00:00,42,val_calibration,blend_dl00_xgb05_lgbm05,0.35,threshold_sweep,0.853078721745908,0.8467614406340018,0.8381909547738694,0.7942857142857143,0.8156479217603912,1516,1050,0.9146337479582862,0.9082632183365567,0.10484478419961625,1355,161,216,834,0.975,False,blend_dl00_xgb05_lgbm05,weighted_blend,,False
2026-06-01T08:39:13.276277+00:00,42,val_calibration,blend_dl00_xgb05_lgbm05,0.36,threshold_sweep,0.8554169914263445,0.8488975149783335,0.8453713123092573,0.7914285714285715,0.8175110673880964,1516,1050,0.9146337479582862,0.9082632183365567,0.10484478419961625,1364,152,219,831,0.975,False,blend_dl00_xgb05_lgbm05,weighted_blend,,False
2026-06-01T08:39:13.283766+00:00,42,val_calibration,blend_dl00_xgb05_lgbm05,0.37,threshold_sweep,0.857755261106781,0.8509316078182957,0.8541882109617374,0.7866666666666666,0.8190381755081805,1516,1050,0.9146337479582862,0.9082632183365567,0.10484478419961625,1375,141,224,826,0.975,False,blend_dl00_xgb05_lgbm05,weighted_blend,,False
2026-06-01T08:39:13.290926+00:00,42,val_calibration,blend_dl00_xgb05_lgbm05,0.38,threshold_sweep,0.8581449727201871,0.8509439442346791,0.8602941176470589,0.78,0.8181818181818182,1516,1050,0.9146337479582862,0.9082632183365567,0.10484478419961625,1383,133,231,819,0.975,False,blend_dl00_xgb05_lgbm05,weighted_blend,,False
2026-06-01T08:39:13.299269+00:00,42,val_calibration,blend_dl00_xgb05_lgbm05,0.39,threshold_sweep,0.8600935307872175,0.8528047885093671,0.8656084656084656,0.7790476190476191,0.8200501253132833,1516,1050,0.9146337479582862,0.9082632183365567,0.10484478419961625,1389,127,232,818,0.975,False,blend_dl00_xgb05_lgbm05,weighted_blend,,False
2026-06-01T08:39:13.306962+00:00,42,val_calibration,blend_dl00_xgb05_lgbm05,0.4,threshold_sweep,0.8620420888542478,0.854505790207102,0.8733905579399142,0.7752380952380953,0.8213925327951564,1516,1050,0.9146337479582862,0.9082632183365567,0.10484478419961625,1398,118,236,814,0.975,False,blend_dl00_xgb05_lgbm05,weighted_blend,,False
2026-06-01T08:39:13.314531+00:00,42,val_calibration,blend_dl00_xgb05_lgbm05,0.41,threshold_sweep,0.8620420888542478,0.8541750546624414,0.8782608695652174,0.7695238095238095,0.8203045685279188,1516,1050,0.9146337479582862,0.9082632183365567,0.10484478419961625,1404,112,242,808,0.975,False,blend_dl00_xgb05_lgbm05,weighted_blend,,False
2026-06-01T08:39:13.322574+00:00,42,val_calibration,blend_dl00_xgb05_lgbm05,0.42,threshold_sweep,0.8643803585346843,0.8563695087114291,0.8857142857142857,0.7676190476190476,0.8224489795918367,1516,1050,0.9146337479582862,0.9082632183365567,0.10484478419961625,1412,104,244,806,0.975,False,blend_dl00_xgb05_lgbm05,weighted_blend,,False
2026-06-01T08:39:13.330425+00:00,42,val_calibration,blend_dl00_xgb05_lgbm05,0.43,threshold_sweep,0.8671083398285269,0.8587840632694703,0.896976483762598,0.7628571428571429,0.8244981986618631,1516,1050,0.9146337479582862,0.9082632183365567,0.10484478419961625,1424,92,249,801,0.975,False,blend_dl00_xgb05_lgbm05,weighted_blend,,False
2026-06-01T08:39:13.338174+00:00,42,val_calibration,blend_dl00_xgb05_lgbm05,0.44,threshold_sweep,0.8678877630553391,0.8594419035292464,0.9007891770011274,0.7609523809523809,0.8249870934434693,1516,1050,0.9146337479582862,0.9082632183365567,0.10484478419961625,1428,88,251,799,0.975,False,blend_dl00_xgb05_lgbm05,weighted_blend,,False
2026-06-01T08:39:13.346131+00:00,42,val_calibration,blend_dl00_xgb05_lgbm05,0.45,threshold_sweep,0.8686671862821512,0.8600997131431125,0.9046538024971623,0.7590476190476191,0.8254790264111859,1516,1050,0.9146337479582862,0.9082632183365567,0.10484478419961625,1432,84,253,797,0.975,False,blend_dl00_xgb05_lgbm05,weighted_blend,,False
2026-06-01T08:39:13.353315+00:00,42,val_calibration,blend_dl00_xgb05_lgbm05,0.46,threshold_sweep,0.8686671862821512,0.859867925411937,0.9083619702176403,0.7552380952380953,0.8247529901196048,1516,1050,0.9146337479582862,0.9082632183365567,0.10484478419961625,1436,80,257,793,0.975,False,blend_dl00_xgb05_lgbm05,weighted_blend,,False
2026-06-01T08:39:13.360203+00:00,42,val_calibration,blend_dl00_xgb05_lgbm05,0.47,threshold_sweep,0.8694466095089634,0.8602875124721525,0.9161816065192084,0.7495238095238095,0.8245154531168151,1516,1050,0.9146337479582862,0.9082632183365567,0.10484478419961625,1444,72,263,787,0.975,False,blend_dl00_xgb05_lgbm05,weighted_blend,,False
2026-06-01T08:39:13.369107+00:00,42,val_calibration,blend_dl00_xgb05_lgbm05,0.48,threshold_sweep,0.8694466095089634,0.859986217044574,0.9210836277974087,0.7447619047619047,0.8235913638757241,1516,1050,0.9146337479582862,0.9082632183365567,0.10484478419961625,1449,67,268,782,0.975,False,blend_dl00_xgb05_lgbm05,weighted_blend,,False
2026-06-01T08:39:13.376629+00:00,42,val_calibration,blend_dl00_xgb05_lgbm05,0.49,threshold_sweep,0.8694466095089634,0.8598026201730853,0.9240806642941874,0.741904761904762,0.8230322239830956,1516,1050,0.9146337479582862,0.9082632183365567,0.10484478419961625,1452,64,271,779,0.975,False,blend_dl00_xgb05_lgbm05,weighted_blend,,False
2026-06-01T08:39:13.383482+00:00,42,val_calibration,blend_dl00_xgb05_lgbm05,0.5,threshold_sweep,0.8690568978955573,0.859166580093029,0.9270334928229665,0.7380952380952381,0.8218451749734889,1516,1050,0.9146337479582862,0.9082632183365567,0.10484478419961625,1455,61,275,775,0.975,False,blend_dl00_xgb05_lgbm05,weighted_blend,,False
2026-06-01T08:39:13.391023+00:00,42,val_calibration,blend_dl00_xgb05_lgbm05,0.51,threshold_sweep,0.8690568978955573,0.8590409547944086,0.9290865384615384,0.7361904761904762,0.8214665249734325,1516,1050,0.9146337479582862,0.9082632183365567,0.10484478419961625,1457,59,277,773,0.975,False,blend_dl00_xgb05_lgbm05,weighted_blend,,False
2026-06-01T08:39:13.398192+00:00,42,val_calibration,blend_dl00_xgb05_lgbm05,0.52,threshold_sweep,0.8694466095089634,0.8591110693715847,0.9354445797807551,0.7314285714285714,0.8209513629075361,1516,1050,0.9146337479582862,0.9082632183365567,0.10484478419961625,1463,53,282,768,0.975,False,blend_dl00_xgb05_lgbm05,weighted_blend,,False
2026-06-01T08:39:13.407413+00:00,42,val_calibration,blend_dl00_xgb05_lgbm05,0.53,threshold_sweep,0.8671083398285269,0.8560569582823024,0.9403726708074535,0.7209523809523809,0.8161725067385445,1516,1050,0.9146337479582862,0.9082632183365567,0.10484478419961625,1468,48,293,757,0.975,False,blend_dl00_xgb05_lgbm05,weighted_blend,,False
2026-06-01T08:39:13.417088+00:00,42,val_calibration,blend_dl00_xgb05_lgbm05,0.54,threshold_sweep,0.8659392049883087,0.8545512546730574,0.9423558897243107,0.7161904761904762,0.8138528138528138,1516,1050,0.9146337479582862,0.9082632183365567,0.10484478419961625,1470,46,298,752,0.975,False,blend_dl00_xgb05_lgbm05,weighted_blend,,False
2026-06-01T08:39:13.426638+00:00,42,val_calibration,blend_dl00_xgb05_lgbm05,0.55,threshold_sweep,0.8647700701480904,0.8528969926060419,0.9466327827191868,0.7095238095238096,0.8111050626020686,1516,1050,0.9146337479582862,0.9082632183365567,0.10484478419961625,1474,42,305,745,0.975,False,blend_dl00_xgb05_lgbm05,weighted_blend,,False
2026-06-01T08:39:13.433862+00:00,42,val_calibration,blend_dl00_xgb05_lgbm05,0.56,threshold_sweep,0.8647700701480904,0.8526832062375882,0.9500640204865557,0.7066666666666667,0.8104860731840524,1516,1050,0.9146337479582862,0.9082632183365567,0.10484478419961625,1477,39,308,742,0.975,False,blend_dl00_xgb05_lgbm05,weighted_blend,,False
2026-06-01T08:39:13.440905+00:00,42,val_calibration,blend_dl00_xgb05_lgbm05,0.57,threshold_sweep,0.8636009353078722,0.8511549619211269,0.9521963824289406,0.7019047619047619,0.8081140350877193,1516,1050,0.9146337479582862,0.9082632183365567,0.10484478419961625,1479,37,313,737,0.975,False,blend_dl00_xgb05_lgbm05,weighted_blend,,False
2026-06-01T08:39:13.448016+00:00,42,val_calibration,blend_dl00_xgb05_lgbm05,0.58,threshold_sweep,0.8628215120810601,0.8500077052656192,0.9556135770234987,0.6971428571428572,0.8061674008810573,1516,1050,0.9146337479582862,0.9082632183365567,0.10484478419961625,1482,34,318,732,0.975,False,blend_dl00_xgb05_lgbm05,weighted_blend,,False
2026-06-01T08:39:13.455575+00:00,42,val_calibration,blend_dl00_xgb05_lgbm05,0.59,threshold_sweep,0.8612626656274357,0.8481515465836857,0.9553805774278216,0.6933333333333334,0.8035320088300221,1516,1050,0.9146337479582862,0.9082632183365567,0.10484478419961625,1482,34,322,728,0.975,False,blend_dl00_xgb05_lgbm05,weighted_blend,,False
2026-06-01T08:39:13.462731+00:00,42,val_calibration,blend_dl00_xgb05_lgbm05,0.6,threshold_sweep,0.8612626656274357,0.8478448000170561,0.9602122015915119,0.6895238095238095,0.802660753880266,1516,1050,0.9146337479582862,0.9082632183365567,0.10484478419961625,1486,30,326,724,0.975,False,blend_dl00_xgb05_lgbm05,weighted_blend,,False
2026-06-01T08:39:13.469992+00:00,42,val_calibration,blend_dl00_xgb05_lgbm05,0.61,threshold_sweep,0.8600935307872175,0.8463669602090838,0.9612817089452603,0.6857142857142857,0.8004446914952752,1516,1050,0.9146337479582862,0.9082632183365567,0.10484478419961625,1487,29,330,720,0.975,False,blend_dl00_xgb05_lgbm05,weighted_blend,,False
2026-06-01T08:39:13.476736+00:00,42,val_calibration,blend_dl00_xgb05_lgbm05,0.62,threshold_sweep,0.8585346843335931,0.8444956230597596,0.9610738255033557,0.6819047619047619,0.7977715877437326,1516,1050,0.9146337479582862,0.9082632183365567,0.10484478419961625,1487,29,334,716,0.975,False,blend_dl00_xgb05_lgbm05,weighted_blend,,False
2026-06-01T08:39:13.483864+00:00,42,val_calibration,blend_dl00_xgb05_lgbm05,0.63,threshold_sweep,0.8565861262665627,0.8420677991501022,0.962059620596206,0.6761904761904762,0.7941834451901566,1516,1050,0.9146337479582862,0.9082632183365567,0.10484478419961625,1488,28,340,710,0.975,False,blend_dl00_xgb05_lgbm05,weighted_blend,,False
2026-06-01T08:39:13.491132+00:00,42,val_calibration,blend_dl00_xgb05_lgbm05,0.64,threshold_sweep,0.8542478565861262,0.8391562307259124,0.963013698630137,0.6695238095238095,0.7898876404494382,1516,1050,0.9146337479582862,0.9082632183365567,0.10484478419961625,1489,27,347,703,0.975,False,blend_dl00_xgb05_lgbm05,weighted_blend,,False
2026-06-01T08:39:13.498016+00:00,42,val_calibration,blend_dl00_xgb05_lgbm05,0.65,threshold_sweep,0.8519095869056897,0.8362289046544125,0.96398891966759,0.6628571428571428,0.7855530474040632,1516,1050,0.9146337479582862,0.9082632183365567,0.10484478419961625,1490,26,354,696,0.975,False,blend_dl00_xgb05_lgbm05,weighted_blend,,False
2026-06-01T08:39:13.505269+00:00,42,val_calibration,blend_dl00_xgb05_lgbm05,0.66,threshold_sweep,0.8507404520654716,0.834625859555038,0.9664335664335665,0.6580952380952381,0.7830028328611898,1516,1050,0.9146337479582862,0.9082632183365567,0.10484478419961625,1492,24,359,691,0.975,False,blend_dl00_xgb05_lgbm05,weighted_blend,,False
2026-06-01T08:39:13.512352+00:00,42,val_calibration,blend_dl00_xgb05_lgbm05,0.67,threshold_sweep,0.8484021823850351,0.8317620093485589,0.9661495063469676,0.6523809523809524,0.7788516202387721,1516,1050,0.9146337479582862,0.9082632183365567,0.10484478419961625,1492,24,365,685,0.975,False,blend_dl00_xgb05_lgbm05,weighted_blend,,False
2026-06-01T08:39:13.520164+00:00,42,val_calibration,blend_dl00_xgb05_lgbm05,0.68,threshold_sweep,0.8448947778643804,0.8273494598352187,0.9670487106017192,0.6428571428571429,0.7723112128146453,1516,1050,0.9146337479582862,0.9082632183365567,0.10484478419961625,1493,23,375,675,0.975,False,blend_dl00_xgb05_lgbm05,weighted_blend,,False
2026-06-01T08:39:13.527528+00:00,42,val_calibration,blend_dl00_xgb05_lgbm05,0.69,threshold_sweep,0.8421667965705378,0.8238720689197578,0.9680696661828737,0.6352380952380953,0.7671075330649799,1516,1050,0.9146337479582862,0.9082632183365567,0.10484478419961625,1494,22,383,667,0.975,False,blend_dl00_xgb05_lgbm05,weighted_blend,,False
2026-06-01T08:39:13.535119+00:00,42,val_calibration,blend_dl00_xgb05_lgbm05,0.7,threshold_sweep,0.8378799688230709,0.8185250467859164,0.967551622418879,0.6247619047619047,0.7592592592592593,1516,1050,0.9146337479582862,0.9082632183365567,0.10484478419961625,1494,22,394,656,0.975,False,blend_dl00_xgb05_lgbm05,weighted_blend,,False
2026-06-01T08:39:13.542295+00:00,42,val_calibration,blend_dl00_xgb05_lgbm05,0.71,threshold_sweep,0.8359314107560405,0.8160810540941181,0.9673105497771174,0.62,0.7556587347649448,1516,1050,0.9146337479582862,0.9082632183365567,0.10484478419961625,1494,22,399,651,0.975,False,blend_dl00_xgb05_lgbm05,weighted_blend,,False
2026-06-01T08:39:13.549565+00:00,42,val_calibration,blend_dl00_xgb05_lgbm05,0.72,threshold_sweep,0.833593141075604,0.8131369109695399,0.967016491754123,0.6142857142857143,0.7513104251601631,1516,1050,0.9146337479582862,0.9082632183365567,0.10484478419961625,1494,22,405,645,0.975,False,blend_dl00_xgb05_lgbm05,weighted_blend,,False
2026-06-01T08:39:13.556650+00:00,42,val_calibration,blend_dl00_xgb05_lgbm05,0.73,threshold_sweep,0.8308651597817615,0.8096862065547661,0.9666666666666667,0.6076190476190476,0.7461988304093568,1516,1050,0.9146337479582862,0.9082632183365567,0.10484478419961625,1494,22,412,638,0.975,False,blend_dl00_xgb05_lgbm05,weighted_blend,,False
2026-06-01T08:39:13.563825+00:00,42,val_calibration,blend_dl00_xgb05_lgbm05,0.74,threshold_sweep,0.8277474668745128,0.8056060606060607,0.9676923076923077,0.599047619047619,0.74,1516,1050,0.9146337479582862,0.9082632183365567,0.10484478419961625,1495,21,421,629,0.975,False,blend_dl00_xgb05_lgbm05,weighted_blend,,False
2026-06-01T08:39:13.571114+00:00,42,val_calibration,blend_dl00_xgb05_lgbm05,0.75,threshold_sweep,0.8246297739672642,0.8013751506844791,0.9702194357366771,0.5895238095238096,0.7334123222748815,1516,1050,0.9146337479582862,0.9082632183365567,0.10484478419961625,1497,19,431,619,0.975,False,blend_dl00_xgb05_lgbm05,weighted_blend,,False
2026-06-01T08:39:13.578536+00:00,42,val_calibration,blend_dl00_xgb05_lgbm05,0.76,threshold_sweep,0.8211223694466095,0.7968475505412855,0.9697933227344993,0.580952380952381,0.7266229898749256,1516,1050,0.9146337479582862,0.9082632183365567,0.10484478419961625,1497,19,440,610,0.975,False,blend_dl00_xgb05_lgbm05,weighted_blend,,False
2026-06-01T08:39:13.585764+00:00,42,val_calibration,blend_dl00_xgb05_lgbm05,0.77,threshold_sweep,0.8156664068589244,0.7896118650422685,0.9706362153344209,0.5666666666666667,0.7155742633794347,1516,1050,0.9146337479582862,0.9082632183365567,0.10484478419961625,1498,18,455,595,0.975,False,blend_dl00_xgb05_lgbm05,weighted_blend,,False
2026-06-01T08:39:13.592994+00:00,42,val_calibration,blend_dl00_xgb05_lgbm05,0.78,threshold_sweep,0.8125487139516757,0.7853778969730578,0.9718076285240465,0.5580952380952381,0.7090139140955838,1516,1050,0.9146337479582862,0.9082632183365567,0.10484478419961625,1499,17,464,586,0.975,False,blend_dl00_xgb05_lgbm05,weighted_blend,,False
2026-06-01T08:39:13.600037+00:00,42,val_calibration,blend_dl00_xgb05_lgbm05,0.79,threshold_sweep,0.8094310210444271,0.7808265358399183,0.9762308998302207,0.5476190476190477,0.701647345942648,1516,1050,0.9146337479582862,0.9082632183365567,0.10484478419961625,1502,14,475,575,0.975,True,blend_dl00_xgb05_lgbm05,weighted_blend,validation_precision_target_then_macro_f1_roc_auc,True
2026-06-01T08:39:13.606832+00:00,42,val_calibration,blend_dl00_xgb05_lgbm05,0.8,threshold_sweep,0.8051441932969603,0.7750903144738761,0.9757785467128027,0.5371428571428571,0.6928746928746928,1516,1050,0.9146337479582862,0.9082632183365567,0.10484478419961625,1502,14,486,564,0.975,True,blend_dl00_xgb05_lgbm05,weighted_blend,,False
2026-06-01T08:39:13.614224+00:00,42,val_calibration,blend_dl00_xgb05_lgbm05,0.81,threshold_sweep,0.8016367887763055,0.770205788250901,0.9770723104056437,0.5276190476190477,0.6852195423623995,1516,1050,0.9146337479582862,0.9082632183365567,0.10484478419961625,1503,13,496,554,0.975,True,blend_dl00_xgb05_lgbm05,weighted_blend,,False
2026-06-01T08:39:13.621977+00:00,42,val_calibration,blend_dl00_xgb05_lgbm05,0.82,threshold_sweep,0.8000779423226813,0.7680895156520788,0.9769094138543517,0.5238095238095238,0.6819590824550527,1516,1050,0.9146337479582862,0.9082632183365567,0.10484478419961625,1503,13,500,550,0.975,True,blend_dl00_xgb05_lgbm05,weighted_blend,,False
2026-06-01T08:39:13.629461+00:00,42,val_calibration,blend_dl00_xgb05_lgbm05,0.83,threshold_sweep,0.7957911145752143,0.7620710645526614,0.9781818181818182,0.5123809523809524,0.6725,1516,1050,0.9146337479582862,0.9082632183365567,0.10484478419961625,1504,12,512,538,0.975,True,blend_dl00_xgb05_lgbm05,weighted_blend,,False
2026-06-01T08:39:13.636544+00:00,42,val_calibration,blend_dl00_xgb05_lgbm05,0.84,threshold_sweep,0.7922837100545597,0.7572340603411842,0.977818853974122,0.5038095238095238,0.6649905719673161,1516,1050,0.9146337479582862,0.9082632183365567,0.10484478419961625,1504,12,521,529,0.975,True,blend_dl00_xgb05_lgbm05,weighted_blend,,False
2026-06-01T08:39:13.643572+00:00,42,val_calibration,blend_dl00_xgb05_lgbm05,0.85,threshold_sweep,0.7879968823070927,0.7510964278811143,0.9791666666666666,0.49238095238095236,0.6552598225602028,1516,1050,0.9146337479582862,0.9082632183365567,0.10484478419961625,1505,11,533,517,0.975,True,blend_dl00_xgb05_lgbm05,weighted_blend,,False
2026-06-01T08:39:13.650928+00:00,42,val_calibration,blend_dl00_xgb05_lgbm05,0.86,threshold_sweep,0.7837100545596258,0.7450699069428992,0.9787234042553191,0.4819047619047619,0.6458200382897256,1516,1050,0.9146337479582862,0.9082632183365567,0.10484478419961625,1505,11,544,506,0.975,True,blend_dl00_xgb05_lgbm05,weighted_blend,,False
2026-06-01T08:39:13.657688+00:00,42,val_calibration,blend_dl00_xgb05_lgbm05,0.87,threshold_sweep,0.7739672642244739,0.730953345095884,0.9795918367346939,0.45714285714285713,0.6233766233766234,1516,1050,0.9146337479582862,0.9082632183365567,0.10484478419961625,1506,10,570,480,0.975,True,blend_dl00_xgb05_lgbm05,weighted_blend,,False
2026-06-01T08:39:13.664915+00:00,42,val_calibration,blend_dl00_xgb05_lgbm05,0.88,threshold_sweep,0.769680436477007,0.7247214415281793,0.9791231732776617,0.44666666666666666,0.6134728580771747,1516,1050,0.9146337479582862,0.9082632183365567,0.10484478419961625,1506,10,581,469,0.975,True,blend_dl00_xgb05_lgbm05,weighted_blend,,False
2026-06-01T08:39:13.672426+00:00,42,val_calibration,blend_dl00_xgb05_lgbm05,0.89,threshold_sweep,0.764614185502728,0.717273857613188,0.9785407725321889,0.4342857142857143,0.6015831134564644,1516,1050,0.9146337479582862,0.9082632183365567,0.10484478419961625,1506,10,594,456,0.975,True,blend_dl00_xgb05_lgbm05,weighted_blend,,False
2026-06-01T08:39:13.679984+00:00,42,val_calibration,blend_dl00_xgb05_lgbm05,0.9,threshold_sweep,0.7603273577552611,0.7106750951115129,0.9801324503311258,0.4228571428571429,0.590818363273453,1516,1050,0.9146337479582862,0.9082632183365567,0.10484478419961625,1507,9,606,444,0.975,True,blend_dl00_xgb05_lgbm05,weighted_blend,,False
2026-06-01T08:39:13.687226+00:00,42,val_calibration,blend_dl00_xgb05_lgbm05,0.91,threshold_sweep,0.754871395167576,0.702454471228021,0.979498861047836,0.4095238095238095,0.577568838146407,1516,1050,0.9146337479582862,0.9082632183365567,0.10484478419961625,1507,9,620,430,0.975,True,blend_dl00_xgb05_lgbm05,weighted_blend,,False
2026-06-01T08:39:13.694549+00:00,42,val_calibration,blend_dl00_xgb05_lgbm05,0.92,threshold_sweep,0.745128604832424,0.6874899440441926,0.9782608695652174,0.38571428571428573,0.5532786885245902,1516,1050,0.9146337479582862,0.9082632183365567,0.10484478419961625,1507,9,645,405,0.975,True,blend_dl00_xgb05_lgbm05,weighted_blend,,False
2026-06-01T08:39:13.701518+00:00,42,val_calibration,blend_dl00_xgb05_lgbm05,0.93,threshold_sweep,0.7392829306313328,0.6780586606453816,0.9798488664987406,0.37047619047619046,0.5376641326883207,1516,1050,0.9146337479582862,0.9082632183365567,0.10484478419961625,1508,8,661,389,0.975,True,blend_dl00_xgb05_lgbm05,weighted_blend,,False
2026-06-01T08:39:13.708883+00:00,42,val_calibration,blend_dl00_xgb05_lgbm05,0.94,threshold_sweep,0.7279812938425565,0.6596128818424525,0.9808743169398907,0.3419047619047619,0.5070621468926554,1516,1050,0.9146337479582862,0.9082632183365567,0.10484478419961625,1509,7,691,359,0.975,True,blend_dl00_xgb05_lgbm05,weighted_blend,,False
2026-06-01T08:39:13.716068+00:00,42,val_calibration,blend_dl00_xgb05_lgbm05,0.95,threshold_sweep,0.7162899454403742,0.6398757564728164,0.9820359281437125,0.31238095238095237,0.47398843930635837,1516,1050,0.9146337479582862,0.9082632183365567,0.10484478419961625,1510,6,722,328,0.975,True,blend_dl00_xgb05_lgbm05,weighted_blend,,False
2026-06-01T08:39:13.727022+00:00,42,val_calibration,blend_dl00_xgb05_lgbm05,0.96,threshold_sweep,0.6971940763834762,0.6059042550983558,0.9857651245551602,0.2638095238095238,0.41622839969947406,1516,1050,0.9146337479582862,0.9082632183365567,0.10484478419961625,1512,4,773,277,0.975,True,blend_dl00_xgb05_lgbm05,weighted_blend,,False
2026-06-01T08:39:13.734562+00:00,42,val_calibration,blend_dl00_xgb05_lgbm05,0.97,threshold_sweep,0.6734216679657054,0.5606555796104737,0.9907407407407407,0.2038095238095238,0.3380726698262243,1516,1050,0.9146337479582862,0.9082632183365567,0.10484478419961625,1514,2,836,214,0.975,True,blend_dl00_xgb05_lgbm05,weighted_blend,,False
2026-06-01T08:39:13.742030+00:00,42,val_calibration,blend_dl00_xgb05_lgbm05,0.98,threshold_sweep,0.6305533904910366,0.46944618927973203,1.0,0.09714285714285714,0.17708333333333334,1516,1050,0.9146337479582862,0.9082632183365567,0.10484478419961625,1516,0,948,102,0.975,True,blend_dl00_xgb05_lgbm05,weighted_blend,,False
2026-06-01T08:39:13.749622+00:00,42,val_calibration,blend_dl00_xgb05_lgbm05,0.99,threshold_sweep,0.5974279033515199,0.38887225048445423,1.0,0.01619047619047619,0.031865042174320526,1516,1050,0.9146337479582862,0.9082632183365567,0.10484478419961625,1516,0,1033,17,0.975,True,blend_dl00_xgb05_lgbm05,weighted_blend,,False
