generated_at_utc,seed,split,model_variant,threshold,threshold_strategy,accuracy,macro_f1,precision_fake,recall_fake,f1_fake,support_real,support_fake,roc_auc,pr_auc,brier_score,tn,fp,fn,tp,candidate_type,probability_path
2026-06-01T08:38:56.430263+00:00,42,train,logistic_stacking,0.5,default_0.5,0.9350666711225478,0.9322396295320352,0.9454388240380458,0.8928629756655234,0.918399059258326,17677,12246,0.9828101085448518,0.9772074119722838,0.056867390426031644,17046,631,1312,10934,sklearn_stacker,not_saved_candidate_probability
2026-06-01T08:38:56.461430+00:00,42,val,logistic_stacking,0.5,default_0.5,0.8673007952596289,0.8603165280926419,0.8764331210191083,0.7865853658536586,0.829082145009038,3789,2624,0.9163319364785096,0.9085226037363465,0.1023489954790673,3498,291,560,2064,sklearn_stacker,not_saved_candidate_probability
2026-06-01T08:38:56.475951+00:00,42,test,logistic_stacking,0.5,default_0.5,0.8652736628722907,0.8583378706132753,0.8713080168776371,0.7869664634146342,0.8269923908690429,3789,2624,0.9133446103611867,0.9017558348220658,0.10386791785043774,3484,305,559,2065,sklearn_stacker,not_saved_candidate_probability
2026-06-01T08:38:56.492212+00:00,42,train,random_forest_stacking,0.5,default_0.5,0.9191591752163887,0.9162076372800101,0.9073874471436862,0.8936795688388045,0.9004813428230551,17677,12246,0.9649300464166951,0.961588152710146,0.07708294135090224,16560,1117,1302,10944,sklearn_stacker,/content/drive/MyDrive/BaoMatCuoiKy/Fake_reviews/artifacts/predictions/stacking_train_prob.npy
2026-06-01T08:38:56.520330+00:00,42,val,random_forest_stacking,0.5,default_0.5,0.8832059878372057,0.8761569124926014,0.9150066401062417,0.7877286585365854,0.8466106901494983,3789,2624,0.9419949697938191,0.9350917023431279,0.08650763390290997,3597,192,557,2067,sklearn_stacker,/content/drive/MyDrive/BaoMatCuoiKy/Fake_reviews/artifacts/predictions/stacking_val_prob.npy
2026-06-01T08:38:56.533933+00:00,42,test,random_forest_stacking,0.5,default_0.5,0.8651177296117262,0.8573113537874189,0.8842289209261687,0.7713414634146342,0.8239364950132302,3789,2624,0.9095701955757682,0.8964053543483685,0.10472509858151614,3524,265,600,2024,sklearn_stacker,/content/drive/MyDrive/BaoMatCuoiKy/Fake_reviews/artifacts/predictions/stacking_test_prob.npy
2026-06-01T08:38:56.550209+00:00,42,train,extra_trees_stacking,0.5,default_0.5,0.9206630351234836,0.9176200633513676,0.9138856280395774,0.8900048995590397,0.9017871917921562,17677,12246,0.9664410787027206,0.9622081101576467,0.07801504075906407,16650,1027,1347,10899,sklearn_stacker,not_saved_candidate_probability
2026-06-01T08:38:56.578121+00:00,42,val,extra_trees_stacking,0.5,default_0.5,0.8716669265554343,0.8644885501545612,0.8893212278426286,0.7839176829268293,0.8332995746404699,3789,2624,0.9219232281025304,0.9163028086072843,0.09940602772903213,3533,256,567,2057,sklearn_stacker,not_saved_candidate_probability
2026-06-01T08:38:56.592711+00:00,42,test,extra_trees_stacking,0.5,default_0.5,0.8658973959145486,0.8585138191699899,0.8795180722891566,0.7789634146341463,0.826192400970089,3789,2624,0.9128978340703835,0.9013957606001558,0.10423770936040523,3509,280,580,2044,sklearn_stacker,not_saved_candidate_probability
2026-06-01T08:38:56.609643+00:00,42,train,random_forest_isotonic_cv,0.5,default_0.5,0.9259098352437924,0.9227694006575891,0.9306879670188096,0.8848603625673689,0.9071957804847419,17677,12246,0.9652315442389916,0.9613416993322743,0.07048401351251925,16870,807,1410,10836,calibrated_stacker,not_saved_candidate_probability
2026-06-01T08:38:56.633447+00:00,42,val,random_forest_isotonic_cv,0.5,default_0.5,0.8844534539217215,0.877146460954601,0.9231460674157304,0.7827743902439024,0.8471849865951743,3789,2624,0.9406282889654906,0.9336028487392418,0.08681046532995798,3618,171,570,2054,calibrated_stacker,not_saved_candidate_probability
2026-06-01T08:38:56.647187+00:00,42,test,random_forest_isotonic_cv,0.5,default_0.5,0.866053329175113,0.8580360789158992,0.8896247240618101,0.7679115853658537,0.8242994477398241,3789,2624,0.9099044731539951,0.8959089773337967,0.10376112960726189,3539,250,609,2015,calibrated_stacker,not_saved_candidate_probability
2026-06-01T08:38:56.664912+00:00,42,train,logistic_sigmoid_cv,0.5,default_0.5,0.9281823346589579,0.9243750300574862,0.9605035118124601,0.8598726114649682,0.9074066095049335,17677,12246,0.9822493676819299,0.9765374607251007,0.055848408797574786,17244,433,1716,10530,calibrated_stacker,not_saved_candidate_probability
2026-06-01T08:38:56.692543+00:00,42,val,logistic_sigmoid_cv,0.5,default_0.5,0.8682363948230157,0.8599264993353664,0.899416255051639,0.7633384146341463,0.8258091115233972,3789,2624,0.916306288582482,0.9084715221216605,0.10047250135045468,3565,224,621,2003,calibrated_stacker,not_saved_candidate_probability
2026-06-01T08:38:56.707185+00:00,42,test,logistic_sigmoid_cv,0.5,default_0.5,0.8683923280835802,0.860215994600135,0.8976764968722073,0.765625,0.8264088852324146,3789,2624,0.913218885380659,0.901683123595059,0.10231735324259489,3560,229,615,2009,calibrated_stacker,not_saved_candidate_probability
2026-06-01T08:38:56.723357+00:00,42,train,blend_dl00_xgb00_lgbm10,0.5,default_0.5,0.9309227016007753,0.9269669722913851,0.975077009241109,0.8530132288094071,0.9099699464262381,17677,12246,0.9879974292536373,0.9836214992281503,0.05626262087503007,17410,267,1800,10446,weighted_blend,not_saved_candidate_probability
2026-06-01T08:38:56.749795+00:00,42,val,blend_dl00_xgb00_lgbm10,0.5,default_0.5,0.8719787930765632,0.8628324030859233,0.9226441631504922,0.75,0.8274122346016397,3789,2624,0.9157791991741178,0.908802782576046,0.10192823517277366,3624,165,656,1968,weighted_blend,not_saved_candidate_probability
2026-06-01T08:38:56.762187+00:00,42,test,blend_dl00_xgb00_lgbm10,0.5,default_0.5,0.8693279276469671,0.8601004947159835,0.9169000933706816,0.7484756097560976,0.824171212757029,3789,2624,0.9140879970260511,0.9028856506407946,0.10333099196663414,3611,178,660,1964,weighted_blend,not_saved_candidate_probability
2026-06-01T08:38:56.779073+00:00,42,train,blend_dl00_xgb01_lgbm09,0.5,default_0.5,0.9275473715870735,0.9233287274594741,0.9727903921936574,0.8466438020578148,0.9053440447083478,17677,12246,0.9866115121427272,0.9818706940507046,0.05851633472556981,17387,290,1878,10368,weighted_blend,not_saved_candidate_probability
2026-06-01T08:38:56.807705+00:00,42,val,blend_dl00_xgb01_lgbm09,0.5,default_0.5,0.8727584593793857,0.8637030215011867,0.9232209737827716,0.7515243902439024,0.8285714285714286,3789,2624,0.9159182510025813,0.908790118713313,0.10215247137399261,3625,164,652,1972,weighted_blend,not_saved_candidate_probability
2026-06-01T08:38:56.821726+00:00,42,test,blend_dl00_xgb01_lgbm09,0.5,default_0.5,0.869639794168096,0.8603864381045713,0.9181478016838166,0.7480945121951219,0.8244435111297774,3789,2624,0.9137955104313513,0.9028009571700766,0.10373054336495285,3614,175,661,1963,weighted_blend,not_saved_candidate_probability
2026-06-01T08:38:56.840137+00:00,42,train,blend_dl00_xgb02_lgbm08,0.5,default_0.5,0.9241720415733716,0.9196563567268621,0.9713691769819522,0.8394577821329414,0.900608874676946,17677,12246,0.9849927202314648,0.9798617633907316,0.0608691682672341,17374,303,1966,10280,weighted_blend,not_saved_candidate_probability
2026-06-01T08:38:56.868920+00:00,42,val,blend_dl00_xgb02_lgbm08,0.5,default_0.5,0.8727584593793857,0.8636088404480775,0.924812030075188,0.75,0.8282828282828283,3789,2624,0.9159119144635626,0.9086605213704373,0.10243626282340686,3629,160,656,1968,weighted_blend,not_saved_candidate_probability
2026-06-01T08:38:56.883268+00:00,42,test,blend_dl00_xgb02_lgbm08,0.5,default_0.5,0.8690160611258382,0.8596942868394568,0.9176029962546817,0.7469512195121951,0.8235294117647058,3789,2624,0.9133762930562797,0.9026205303762174,0.10418936736446917,3613,176,664,1960,weighted_blend,not_saved_candidate_probability
2026-06-01T08:38:56.901044+00:00,42,train,blend_dl00_xgb03_lgbm07,0.5,default_0.5,0.920930387995856,0.9161211697091831,0.9699391171993912,0.8325983994773803,0.8960365585728096,17677,12246,0.9831081186268882,0.977569172332183,0.06332112884303488,17361,316,2050,10196,weighted_blend,not_saved_candidate_probability
2026-06-01T08:38:56.930362+00:00,42,val,blend_dl00_xgb03_lgbm07,0.5,default_0.5,0.8726025261188212,0.8635006983205838,0.923581809657759,0.7507621951219512,0.8282531006937145,3789,2624,0.915817168118237,0.908497258550075,0.1027796119354885,3626,163,654,1970,weighted_blend,not_saved_candidate_probability
2026-06-01T08:38:56.946744+00:00,42,test,blend_dl00_xgb03_lgbm07,0.5,default_0.5,0.8685482613441448,0.8591080928917901,0.918271488961954,0.745045731707317,0.8226383336839891,3789,2624,0.9128526736573779,0.9022385480439572,0.10470746772751362,3615,174,669,1955,weighted_blend,not_saved_candidate_probability
2026-06-01T08:38:56.964841+00:00,42,train,blend_dl00_xgb04_lgbm06,0.5,default_0.5,0.9175884770912007,0.9124894742047751,0.9677635354888081,0.8261473134084599,0.8913656387665199,17677,12246,0.9809145771476182,0.9749556312341761,0.065872209597038,17340,337,2129,10117,weighted_blend,not_saved_candidate_probability
2026-06-01T08:38:56.996504+00:00,42,val,blend_dl00_xgb04_lgbm06,0.5,default_0.5,0.870575393731483,0.8612206742474855,0.922316384180791,0.7465701219512195,0.8251895534962089,3789,2624,0.9155906619933183,0.9082103965781033,0.10318251606237816,3624,165,665,1959,weighted_blend,not_saved_candidate_probability
2026-06-01T08:38:57.013731+00:00,42,test,blend_dl00_xgb04_lgbm06,0.5,default_0.5,0.866365195696242,0.8566937201893468,0.916156382477626,0.741234756097561,0.8194649252159258,3789,2624,0.9122327992133841,0.9017607577690879,0.10528484065771372,3611,178,679,1945,weighted_blend,not_saved_candidate_probability
2026-06-01T08:38:57.030537+00:00,42,train,blend_dl00_xgb05_lgbm05,0.5,default_0.5,0.9140460515322661,0.9086367215905247,0.9652751058099269,0.8194512493875551,0.8864057945411182,17677,12246,0.9783729222341742,0.9719935337365255,0.0685224178880717,17316,361,2211,10035,weighted_blend,not_saved_candidate_probability
2026-06-01T08:38:57.059037+00:00,42,val,blend_dl00_xgb05_lgbm05,0.5,default_0.5,0.869951660689225,0.8605276251392522,0.9217719132893497,0.7454268292682927,0.8242730720606827,3789,2624,0.9152264618697256,0.9077942037380226,0.10364497833787081,3623,166,668,1956,weighted_blend,not_saved_candidate_probability
2026-06-01T08:38:57.073144+00:00,42,test,blend_dl00_xgb05_lgbm05,0.5,default_0.5,0.8655855293934196,0.8558200139130405,0.9155660377358491,0.7397103658536586,0.8182967959527825,3789,2624,0.9115005769267905,0.9011663722431864,0.10592149026501216,3610,179,683,1941,weighted_blend,not_saved_candidate_probability
2026-06-01T08:38:57.091326+00:00,42,train,blend_dl00_xgb06_lgbm04,0.5,default_0.5,0.9094676335928884,0.903651338717699,0.9618401937046005,0.810958680385432,0.8799787337734261,17677,12246,0.9754290638856173,0.9686487656384128,0.07127174621909926,17283,394,2315,9931,weighted_blend,not_saved_candidate_probability
2026-06-01T08:38:57.117974+00:00,42,val,blend_dl00_xgb06_lgbm04,0.5,default_0.5,0.8687041946047092,0.8590915192485864,0.9214758751182592,0.7423780487804879,0.8222878851836218,3789,2624,0.9147642968413057,0.9073021787989544,0.10416699521824355,3623,166,676,1948,weighted_blend,not_saved_candidate_probability
2026-06-01T08:38:57.130895+00:00,42,test,blend_dl00_xgb06_lgbm04,0.5,default_0.5,0.8640261967877748,0.854121976521931,0.9135977337110481,0.7374237804878049,0.8161113454238718,3789,2624,0.9107020221404708,0.9005031499648731,0.10661741255835254,3606,183,689,1935,weighted_blend,not_saved_candidate_probability
2026-06-01T08:38:57.144596+00:00,42,train,blend_dl00_xgb07_lgbm03,0.5,default_0.5,0.9060254653610935,0.8998737800134806,0.9597465886939571,0.804099297729871,0.8750555407446903,17677,12246,0.9720171577234029,0.9648796920448303,0.0741202004962472,17264,413,2399,9847,weighted_blend,not_saved_candidate_probability
2026-06-01T08:38:57.173671+00:00,42,val,blend_dl00_xgb07_lgbm03,0.5,default_0.5,0.8679245283018868,0.858142860907291,0.9220902612826604,0.7397103658536586,0.820892366250793,3789,2624,0.9141463334170159,0.9066248975578016,0.10474856989480781,3625,164,683,1941,weighted_blend,not_saved_candidate_probability
2026-06-01T08:38:57.187577+00:00,42,test,blend_dl00_xgb07_lgbm03,0.5,default_0.5,0.86246686418213,0.8523975296641961,0.9120151371807,0.7347560975609756,0.8138455044322499,3789,2624,0.9097225239621755,0.8996107629743922,0.10737261024053474,3603,186,696,1928,weighted_blend,not_saved_candidate_probability
2026-06-01T08:38:57.202746+00:00,42,train,blend_dl00_xgb08_lgbm02,0.5,default_0.5,0.9023159442569261,0.8958236200278888,0.9566963848339375,0.7974032337089662,0.8698169509642364,17677,12246,0.9680784919133072,0.9606544332940973,0.077067776637218,17235,442,2481,9765,weighted_blend,not_saved_candidate_probability
2026-06-01T08:38:57.232769+00:00,42,val,blend_dl00_xgb08_lgbm02,0.5,default_0.5,0.8657414626539841,0.8557727276633489,0.9191631003328579,0.7366615853658537,0.8178548762428601,3789,2624,0.9133908771540209,0.9058765925544474,0.10538970003126517,3619,170,691,1933,weighted_blend,not_saved_candidate_probability
2026-06-01T08:38:57.252721+00:00,42,test,blend_dl00_xgb08_lgbm02,0.5,default_0.5,0.8605956650553563,0.8503631547957105,0.9095643939393939,0.7320884146341463,0.8112331081081081,3789,2624,0.9086529564078302,0.8986466011308962,0.10818708173611251,3598,191,703,1921,weighted_blend,not_saved_candidate_probability
2026-06-01T08:38:57.270122+00:00,42,train,blend_dl00_xgb09_lgbm01,0.5,default_0.5,0.8982722320622932,0.8914394998191246,0.952409046214356,0.7909521476400457,0.8642041399000714,17677,12246,0.9635587085220259,0.955951899145403,0.08011447899353971,17193,484,2560,9686,weighted_blend,not_saved_candidate_probability
2026-06-01T08:38:57.300841+00:00,42,val,blend_dl00_xgb09_lgbm01,0.5,default_0.5,0.8648058630905973,0.8546907310726967,0.9189318073438245,0.734375,0.8163524676975217,3789,2624,0.9124932007930531,0.9049288375609243,0.10609038772155124,3619,170,697,1927,weighted_blend,not_saved_candidate_probability
2026-06-01T08:38:57.316711+00:00,42,test,blend_dl00_xgb09_lgbm01,0.5,default_0.5,0.859192265710276,0.8488963906000824,0.9068557919621749,0.7309451219512195,0.8094534711964549,3789,2624,0.9073865538239707,0.897439768405925,0.10906082928762154,3592,197,706,1918,weighted_blend,not_saved_candidate_probability
2026-06-01T08:38:57.334982+00:00,42,train,blend_dl00_xgb10_lgbm00,0.5,default_0.5,0.8944958727400327,0.8872940997529322,0.9493720953228518,0.7840111056671566,0.8588040610045172,17677,12246,0.9583847913607444,0.9507328518670032,0.08326030163042218,17165,512,2645,9601,weighted_blend,not_saved_candidate_probability
2026-06-01T08:38:57.364901+00:00,42,val,blend_dl00_xgb10_lgbm00,0.5,default_0.5,0.8644939965694682,0.8543555309136949,0.9184549356223176,0.7339939024390244,0.8159288286380004,3789,2624,0.9114651727722741,0.9038762567016758,0.10685063059460034,3618,171,698,1926,weighted_blend,not_saved_candidate_probability
2026-06-01T08:38:57.380385+00:00,42,test,blend_dl00_xgb10_lgbm00,0.5,default_0.5,0.8579447996257602,0.847504358095617,0.9057318806252961,0.7286585365853658,0.8076029567053854,3789,2624,0.9059604302248486,0.8961178715442786,0.10999384934142811,3590,199,712,1912,weighted_blend,not_saved_candidate_probability
2026-06-01T08:38:57.397657+00:00,42,train,blend_dl01_xgb00_lgbm09,0.5,default_0.5,0.9309895398188685,0.9270400374837431,0.9750816612225852,0.8531765474440633,0.9100648926440486,17677,12246,0.9875053760859887,0.9830034396778151,0.06347085776705273,17410,267,1798,10448,weighted_blend,not_saved_candidate_probability
2026-06-01T08:38:57.427006+00:00,42,val,blend_dl01_xgb00_lgbm09,0.5,default_0.5,0.8722906595976921,0.8632607115758084,0.9215319943951424,0.7519054878048781,0.8281217208814271,3789,2624,0.9163768957315463,0.9087032471012257,0.10355761538492864,3621,168,651,1973,weighted_blend,not_saved_candidate_probability
2026-06-01T08:38:57.442037+00:00,42,test,blend_dl01_xgb00_lgbm09,0.5,default_0.5,0.8697957274286605,0.8606371467417111,0.917016317016317,0.7496189024390244,0.8249108827846509,3789,2624,0.9144994697423221,0.9024515965350589,0.10494924331779457,3611,178,657,1967,weighted_blend,not_saved_candidate_probability
2026-06-01T08:38:57.459281+00:00,42,train,blend_dl01_xgb01_lgbm08,0.5,default_0.5,0.9272800187147011,0.9230458076346013,0.9724150872583974,0.8463171647885024,0.904994760740482,17677,12246,0.9858841473760677,0.9809692695820967,0.06594281014531686,17383,294,1882,10364,weighted_blend,not_saved_candidate_probability
2026-06-01T08:38:57.488634+00:00,42,val,blend_dl01_xgb01_lgbm08,0.5,default_0.5,0.8716669265554343,0.8626164395460549,0.920205319645357,0.7515243902439024,0.8273547304384309,3789,2624,0.9164448878010157,0.9087277115995416,0.1038818013207309,3618,171,652,1972,weighted_blend,not_saved_candidate_probability
2026-06-01T08:38:57.504558+00:00,42,test,blend_dl01_xgb01_lgbm08,0.5,default_0.5,0.8693279276469671,0.8601244688258448,0.9165111940298507,0.7488567073170732,0.824244966442953,3789,2624,0.9141483450167043,0.9022378837067455,0.10545147510180546,3610,179,659,1965,weighted_blend,not_saved_candidate_probability
2026-06-01T08:38:57.522363+00:00,42,train,blend_dl01_xgb02_lgbm07,0.5,default_0.5,0.9231026300838819,0.9184958533899741,0.970746946890088,0.8373346398824106,0.8991187689070104,17677,12246,0.9839696990300045,0.9786131338182553,0.06851389069819572,17368,309,1992,10254,weighted_blend,not_saved_candidate_probability
2026-06-01T08:38:57.552437+00:00,42,val,blend_dl01_xgb02_lgbm07,0.5,default_0.5,0.8716669265554343,0.862545639406143,0.9213851193261582,0.7503810975609756,0.8271371560596513,3789,2624,0.9164039517473561,0.90862445900179,0.10426554554095999,3621,168,655,1969,weighted_blend,not_saved_candidate_probability
2026-06-01T08:38:57.567548+00:00,42,test,blend_dl01_xgb02_lgbm07,0.5,default_0.5,0.8691719943864026,0.8598008656350493,0.9188174565931487,0.7461890243902439,0.8235541535226077,3789,2624,0.9136773289496554,0.9019812898091347,0.10601298335218301,3616,173,666,1958,weighted_blend,not_saved_candidate_probability
2026-06-01T08:38:57.580102+00:00,42,train,blend_dl01_xgb03_lgbm06,0.5,default_0.5,0.9192928516525749,0.9143242258819417,0.9694394040683794,0.8289237301976156,0.8936919487608399,17677,12246,0.9817080496056633,0.9758875343957336,0.07118408971633565,17357,320,2095,10151,weighted_blend,not_saved_candidate_probability
2026-06-01T08:38:57.600388+00:00,42,val,blend_dl01_xgb03_lgbm06,0.5,default_0.5,0.8708872602526119,0.8616030881017257,0.9219924812030075,0.7477134146341463,0.8257575757575758,3789,2624,0.9162618825193596,0.9084323422757229,0.10470884414161415,3623,166,662,1962,weighted_blend,not_saved_candidate_probability
2026-06-01T08:38:57.610491+00:00,42,test,blend_dl01_xgb03_lgbm06,0.5,default_0.5,0.8682363948230157,0.8587982496562774,0.9174096668230878,0.745045731707317,0.8222923238696109,3789,2624,0.9130593655253654,0.9015403844510093,0.10663376365969159,3613,176,669,1955,weighted_blend,not_saved_candidate_probability
2026-06-01T08:38:57.622158+00:00,42,train,blend_dl01_xgb04_lgbm05,0.5,default_0.5,0.9150820439127093,0.9097301068572905,0.9669906649985565,0.8205128205128205,0.887750143570261,17677,12246,0.9790448342404553,0.9727520157523906,0.07395341772266398,17334,343,2198,10048,weighted_blend,not_saved_candidate_probability
2026-06-01T08:38:57.642472+00:00,42,val,blend_dl01_xgb04_lgbm05,0.5,default_0.5,0.8697957274286605,0.8604209770405188,0.92054536906441,0.7461890243902439,0.8242475268364555,3789,2624,0.9159260962413662,0.9080413845658624,0.10521170154340262,3620,169,666,1958,weighted_blend,not_saved_candidate_probability
2026-06-01T08:38:57.652423+00:00,42,test,blend_dl01_xgb04_lgbm05,0.5,default_0.5,0.8669889287385,0.8574120879228293,0.9163140573577809,0.7427591463414634,0.8204588507682593,3789,2624,0.9123599323136937,0.9009563664049263,0.1073138215099552,3611,178,675,1949,weighted_blend,not_saved_candidate_probability
2026-06-01T08:38:57.663856+00:00,42,train,blend_dl01_xgb05_lgbm04,0.5,default_0.5,0.9111051699361695,0.9053791870545259,0.9646180690189996,0.8125918667319941,0.8821026504742487,17677,12246,0.9759151070531616,0.9691508365296835,0.07682186684904412,17312,365,2295,9951,weighted_blend,not_saved_candidate_probability
2026-06-01T08:38:57.689887+00:00,42,val,blend_dl01_xgb05_lgbm04,0.5,default_0.5,0.8697957274286605,0.8603482469188091,0.9217350306459218,0.745045731707317,0.8240252897787145,3789,2624,0.9154291305383362,0.9074832279474001,0.10577411419347249,3623,166,669,1955,weighted_blend,not_saved_candidate_probability
2026-06-01T08:38:57.699922+00:00,42,test,blend_dl01_xgb05_lgbm04,0.5,default_0.5,0.8655855293934196,0.8558450993645509,0.9151743638077285,0.7400914634146342,0.8183733670459334,3789,2624,0.911539501380762,0.9002825770388269,0.10805315212306853,3609,180,682,1942,weighted_blend,not_saved_candidate_probability
2026-06-01T08:38:57.711361+00:00,42,train,blend_dl01_xgb06_lgbm03,0.5,default_0.5,0.9069277813053503,0.900857893001052,0.9604789253382654,0.8057324840764332,0.8763266574892313,17677,12246,0.9722481870241076,0.965041151247174,0.07978943751419153,17271,406,2379,9867,weighted_blend,not_saved_candidate_probability
2026-06-01T08:38:57.731839+00:00,42,val,blend_dl01_xgb06_lgbm03,0.5,default_0.5,0.8674567285201934,0.8577278317408881,0.9199810606060606,0.7404725609756098,0.8205236486486487,3789,2624,0.9148242425120213,0.906856583957488,0.10639608243566244,3620,169,681,1943,weighted_blend,not_saved_candidate_probability
2026-06-01T08:38:57.742146+00:00,42,test,blend_dl01_xgb06_lgbm03,0.5,default_0.5,0.8640261967877748,0.8541981059563944,0.9124293785310734,0.7385670731707317,0.8163437236731256,3789,2624,0.910601291286072,0.8994260212083429,0.10885175649711322,3603,186,686,1938,weighted_blend,not_saved_candidate_probability
2026-06-01T08:38:57.753258+00:00,42,train,blend_dl01_xgb07_lgbm02,0.5,default_0.5,0.902917488219764,0.8964688281706957,0.957488490547556,0.7982198268822472,0.8706301491872634,17677,12246,0.9679747489637739,0.9603986045427985,0.0828561362710726,17243,434,2471,9775,weighted_blend,not_saved_candidate_probability
2026-06-01T08:38:57.774098+00:00,42,val,blend_dl01_xgb07_lgbm02,0.5,default_0.5,0.8669889287385,0.8570876284788147,0.9214659685863874,0.7378048780487805,0.8194708994708995,3789,2624,0.9140785425075153,0.9060929211359197,0.10707760891038984,3624,165,688,1936,weighted_blend,not_saved_candidate_probability
2026-06-01T08:38:57.783612+00:00,42,test,blend_dl01_xgb07_lgbm02,0.5,default_0.5,0.8619990644004366,0.8520116013623943,0.9095619406500236,0.7358993902439024,0.8135664630292817,3789,2624,0.9094898824582069,0.8984131867206017,0.10970963719209666,3597,192,693,1931,weighted_blend,not_saved_candidate_probability
2026-06-01T08:38:57.794699+00:00,42,train,blend_dl01_xgb08_lgbm01,0.5,default_0.5,0.8987066804798984,0.8918701978120713,0.953806756623658,0.7907888290053895,0.8646814589937051,17677,12246,0.9630051417791361,0.9551854875936323,0.08602195514190404,17208,469,2562,9684,weighted_blend,not_saved_candidate_probability
2026-06-01T08:38:57.814399+00:00,42,val,blend_dl01_xgb08_lgbm01,0.5,default_0.5,0.8655855293934196,0.8555159496836409,0.920324427480916,0.7351371951219512,0.8173728813559322,3789,2624,0.9131675895886038,0.9051724691762983,0.10781869024020345,3622,167,695,1929,weighted_blend,not_saved_candidate_probability
2026-06-01T08:38:57.824026+00:00,42,test,blend_dl01_xgb08_lgbm01,0.5,default_0.5,0.8602837985342273,0.8501591752095563,0.907163053722903,0.7336128048780488,0.8112094395280236,3789,2624,0.9082025592375876,0.8972144189041293,0.11062679126608913,3592,197,699,1925,weighted_blend,not_saved_candidate_probability
2026-06-01T08:38:57.835292+00:00,42,train,blend_dl01_xgb09_lgbm00,0.5,default_0.5,0.8943621963038465,0.887130913498122,0.9496189250717608,0.7834394904458599,0.8585619043357645,17677,12246,0.9572543177323617,0.9493476692586711,0.08928690053806079,17168,509,2652,9594,weighted_blend,not_saved_candidate_probability
2026-06-01T08:38:57.858958+00:00,42,val,blend_dl01_xgb09_lgbm00,0.5,default_0.5,0.8638702635272103,0.8537109905812756,0.9171033825631253,0.7336128048780488,0.8151598560237138,3789,2624,0.9121467027467187,0.9041289531197583,0.10861932941050341,3615,174,699,1925,weighted_blend,not_saved_candidate_probability
2026-06-01T08:38:57.868811+00:00,42,test,blend_dl01_xgb09_lgbm00,0.5,default_0.5,0.8584125994074536,0.8481787617068878,0.903954802259887,0.7317073170731707,0.8087615838247684,3789,2624,0.9067528999221108,0.8958757480728274,0.1116032205994685,3585,204,704,1920,weighted_blend,not_saved_candidate_probability
2026-06-01T08:38:57.878889+00:00,42,train,blend_dl02_xgb00_lgbm08,0.5,default_0.5,0.9299535474384253,0.9259532721909132,0.9733258720387987,0.8521966356361261,0.9087425983977708,17677,12246,0.9853438432852145,0.9804836991341271,0.07407025314624954,17391,286,1810,10436,weighted_blend,not_saved_candidate_probability
2026-06-01T08:38:57.896555+00:00,42,val,blend_dl02_xgb00_lgbm08,0.5,default_0.5,0.8704194604709184,0.8613047532243855,0.9179487179487179,0.7503810975609756,0.8257496330467603,3789,2624,0.9165601021731714,0.9084970062098267,0.10620037854613917,3613,176,655,1969,weighted_blend,not_saved_candidate_probability
2026-06-01T08:38:57.905454+00:00,42,test,blend_dl02_xgb00_lgbm08,0.5,default_0.5,0.8701075939497895,0.8609947254003698,0.9170936190032604,0.7503810975609756,0.825403479354433,3789,2624,0.9145338680969944,0.9020831602469894,0.10760627130275387,3611,178,655,1969,weighted_blend,not_saved_candidate_probability
2026-06-01T08:38:57.915789+00:00,42,train,blend_dl02_xgb01_lgbm07,0.5,default_0.5,0.9265447983156769,0.9222522859031708,0.971914334022168,0.8449289563939245,0.9039839245151144,17677,12246,0.9832525919153294,0.9779466693459359,0.0767604534102983,17378,299,1899,10347,weighted_blend,not_saved_candidate_probability
2026-06-01T08:38:57.933697+00:00,42,val,blend_dl02_xgb01_lgbm07,0.5,default_0.5,0.8702635272103539,0.8610783222635824,0.9186915887850468,0.7492378048780488,0.8253568429890848,3789,2624,0.9165566321637086,0.9084571375353685,0.10662451810051621,3615,174,658,1966,weighted_blend,not_saved_candidate_probability
2026-06-01T08:38:57.942538+00:00,42,test,blend_dl02_xgb01_lgbm07,0.5,default_0.5,0.8687041946047092,0.859432716647802,0.9159663865546218,0.7477134146341463,0.8233319345362988,3789,2624,0.9141114321624213,0.9017868074337634,0.10821118744892994,3609,180,662,1962,weighted_blend,not_saved_candidate_probability
2026-06-01T08:38:57.952579+00:00,42,train,blend_dl02_xgb02_lgbm06,0.5,default_0.5,0.921531931958694,0.9168015879315625,0.9694555112881806,0.8345582230932549,0.8969633140249254,17677,12246,0.9807704110574911,0.9750073533848767,0.07954977162853631,17355,322,2026,10220,weighted_blend,not_saved_candidate_probability
2026-06-01T08:38:57.970386+00:00,42,val,blend_dl02_xgb02_lgbm06,0.5,default_0.5,0.8704194604709184,0.8612333760779359,0.9191210846189808,0.7492378048780488,0.8255301280705438,3789,2624,0.9164310077631657,0.9082415176562205,0.10710821140288616,3616,173,658,1966,weighted_blend,not_saved_candidate_probability
2026-06-01T08:38:57.978872+00:00,42,test,blend_dl02_xgb02_lgbm06,0.5,default_0.5,0.8679245283018868,0.8585128858689335,0.9161592505854801,0.7454268292682927,0.8220214330741753,3789,2624,0.9135283699927262,0.901342685733945,0.10887537596987687,3610,179,668,1956,weighted_blend,not_saved_candidate_probability
2026-06-01T08:38:57.989764+00:00,42,train,blend_dl02_xgb03_lgbm05,0.5,default_0.5,0.9163185509474318,0.9110982459834598,0.9671973911375408,0.8234525559366324,0.8895553987297107,17677,12246,0.9778122737617226,0.9715885059540366,0.08243821850031909,17335,342,2162,10084,weighted_blend,not_saved_candidate_probability
2026-06-01T08:38:58.008550+00:00,42,val,blend_dl02_xgb03_lgbm05,0.5,default_0.5,0.8693279276469671,0.8599316278130992,0.9196428571428571,0.7458079268292683,0.8236531986531986,3789,2624,0.9161535075861448,0.9079295282944939,0.10765146346431063,3618,171,667,1957,weighted_blend,not_saved_candidate_probability
2026-06-01T08:38:58.018178+00:00,42,test,blend_dl02_xgb03_lgbm05,0.5,default_0.5,0.8674567285201934,0.8579995115082122,0.915651358950328,0.7446646341463414,0.8213535098781001,3789,2624,0.9128418110190604,0.9007823530399603,0.10959884107277723,3609,180,670,1954,weighted_blend,not_saved_candidate_probability
2026-06-01T08:38:58.029543+00:00,42,train,blend_dl02_xgb04_lgbm04,0.5,default_0.5,0.9122748387527988,0.9066779739666562,0.9648275195671079,0.8153682835211498,0.8838238548351405,17677,12246,0.9743022974248623,0.967619051310779,0.08542578693388987,17313,364,2261,9985,weighted_blend,not_saved_candidate_probability
2026-06-01T08:38:58.049612+00:00,42,val,blend_dl02_xgb04_lgbm04,0.5,default_0.5,0.8687041946047092,0.8592142261643166,0.9194915254237288,0.7442835365853658,0.8226621735467565,3789,2624,0.9157263443923039,0.9074274649850812,0.10825427106153272,3618,171,671,1953,weighted_blend,not_saved_candidate_probability
2026-06-01T08:38:58.060384+00:00,42,test,blend_dl02_xgb04_lgbm04,0.5,default_0.5,0.866053329175113,0.8564835983566481,0.913736521331458,0.7427591463414634,0.8194240067269287,3789,2624,0.9120241963256923,0.900048687351654,0.11038157942458285,3605,184,675,1949,weighted_blend,not_saved_candidate_probability
2026-06-01T08:38:58.071784+00:00,42,train,blend_dl02_xgb05_lgbm03,0.5,default_0.5,0.9083648029943522,0.9024075306601596,0.9620770128354725,0.807937285644292,0.8782956058588549,17677,12246,0.9701687339173021,0.963060827152625,0.08851247895675798,17287,390,2352,9894,weighted_blend,not_saved_candidate_probability
2026-06-01T08:38:58.090704+00:00,42,val,blend_dl02_xgb05_lgbm03,0.5,default_0.5,0.8673007952596289,0.8575729169627121,0.9195456696639849,0.7404725609756098,0.8203504327633523,3789,2624,0.9151349340839015,0.906798054541806,0.10891663485710516,3619,170,681,1943,weighted_blend,not_saved_candidate_probability
2026-06-01T08:38:58.099866+00:00,42,test,blend_dl02_xgb05_lgbm03,0.5,default_0.5,0.8646499298300327,0.8549924423401507,0.9114339268978444,0.741234756097561,0.8175704077343422,3789,2624,0.9110822647715788,0.8992181693985545,0.11122359251520542,3600,189,679,1945,weighted_blend,not_saved_candidate_probability
2026-06-01T08:38:58.110562+00:00,42,train,blend_dl02_xgb06_lgbm02,0.5,default_0.5,0.9030177455469037,0.8965665420190718,0.9578596628773031,0.7981381675649192,0.8707349665924277,17677,12246,0.965322948441193,0.9578564829932609,0.09169829331389319,17247,430,2472,9774,weighted_blend,not_saved_candidate_probability
2026-06-01T08:38:58.128045+00:00,42,val,blend_dl02_xgb06_lgbm02,0.5,default_0.5,0.8662092624356775,0.8563636369331897,0.9184834123222749,0.7385670731707317,0.8187579214195184,3789,2624,0.9143558415245673,0.9059863382165982,0.10963855491761484,3617,172,686,1938,weighted_blend,not_saved_candidate_probability
2026-06-01T08:38:58.136736+00:00,42,test,blend_dl02_xgb06_lgbm02,0.5,default_0.5,0.8626227974426945,0.8527825537836454,0.9089629282027217,0.7381859756097561,0.8147213459516298,3789,2624,0.9099529527064867,0.8981209609245414,0.11212487935057236,3595,194,687,1937,weighted_blend,not_saved_candidate_probability
2026-06-01T08:38:58.147732+00:00,42,train,blend_dl02_xgb07_lgbm01,0.5,default_0.5,0.8984059084984795,0.8915705085064647,0.9528728846910665,0.7908704883227177,0.8643462739848282,17677,12246,0.9596862035278357,0.9519798863105509,0.09498323571672157,17198,479,2561,9685,weighted_blend,not_saved_candidate_probability
2026-06-01T08:38:58.166206+00:00,42,val,blend_dl02_xgb07_lgbm01,0.5,default_0.5,0.8652736628722907,0.8553083923154701,0.9178537511870846,0.7366615853658537,0.8173361522198731,3789,2624,0.9134339253873536,0.9050174417808723,0.11042003284603952,3616,173,691,1933,weighted_blend,not_saved_candidate_probability
2026-06-01T08:38:58.175293+00:00,42,test,blend_dl02_xgb07_lgbm01,0.5,default_0.5,0.8615312646187432,0.8516256514955869,0.9071294559099438,0.7370426829268293,0.8132884777123633,3789,2624,0.9086410879696682,0.8968856048552358,0.11308544309843169,3591,198,690,1934,weighted_blend,not_saved_candidate_probability
2026-06-01T08:38:58.185727+00:00,42,train,blend_dl02_xgb08_lgbm00,0.5,default_0.5,0.89335962303245,0.8860390974328509,0.9485782225304666,0.7818063040992977,0.8571556470746229,17677,12246,0.9531830923849918,0.945400116887883,0.09836729640642917,17158,519,2672,9574,weighted_blend,not_saved_candidate_probability
2026-06-01T08:38:58.204551+00:00,42,val,blend_dl02_xgb08_lgbm00,0.5,default_0.5,0.8644939965694682,0.8544582598918959,0.9168646080760094,0.7355182926829268,0.8162402199196448,3789,2624,0.9123267409188344,0.9038485527822498,0.11126106548427642,3614,175,694,1930,weighted_blend,not_saved_candidate_probability
2026-06-01T08:38:58.214201+00:00,42,test,blend_dl02_xgb08_lgbm00,0.5,default_0.5,0.8584125994074536,0.8483100664111254,0.9020618556701031,0.7336128048780488,0.8091635140815469,3789,2624,0.9071282644239744,0.8954321356593794,0.11410527884910983,3580,209,699,1925,weighted_blend,not_saved_candidate_probability
2026-06-01T08:38:58.226318+00:00,42,train,blend_dl03_xgb00_lgbm07,0.5,default_0.5,0.9285499448584701,0.9244719917691894,0.9712793733681462,0.850563449289564,0.9069220722681759,17677,12246,0.9804270834496875,0.9750875528305288,0.08806081763931217,17369,308,1830,10416,weighted_blend,not_saved_candidate_probability
2026-06-01T08:38:58.248681+00:00,42,val,blend_dl03_xgb00_lgbm07,0.5,default_0.5,0.8685482613441448,0.8592778354037963,0.9155389640690621,0.7477134146341463,0.8231592196349906,3789,2624,0.9161904204404279,0.9078017505553877,0.10985652939773895,3608,181,662,1962,weighted_blend,not_saved_candidate_probability
2026-06-01T08:38:58.263866+00:00,42,test,blend_dl03_xgb00_lgbm07,0.5,default_0.5,0.8679245283018868,0.8587548258605093,0.9122969837587007,0.7492378048780488,0.8227662690939527,3789,2624,0.9140397186335283,0.9012017427675424,0.11130208027204112,3600,189,658,1966,weighted_blend,not_saved_candidate_probability
2026-06-01T08:38:58.283003+00:00,42,train,blend_dl03_xgb01_lgbm06,0.5,default_0.5,0.9234034020653009,0.9188786466898364,0.9690857681432611,0.8396211007675976,0.8997199859992999,17677,12246,0.9774991070230054,0.9716798864095395,0.0909692545234898,17349,328,1964,10282,weighted_blend,not_saved_candidate_probability
2026-06-01T08:38:58.315315+00:00,42,val,blend_dl03_xgb01_lgbm06,0.5,default_0.5,0.8682363948230157,0.8588226316779601,0.9170182841068917,0.7454268292682927,0.8223670380491906,3789,2624,0.9161108616727497,0.9076333985180083,0.11038061750416349,3612,177,668,1956,weighted_blend,not_saved_candidate_probability
2026-06-01T08:38:58.335908+00:00,42,test,blend_dl03_xgb01_lgbm06,0.5,default_0.5,0.8674567285201934,0.8581214779259763,0.9137126865671642,0.7465701219512195,0.8217281879194631,3789,2624,0.9135174067744241,0.9007680366889329,0.11200967657385104,3604,185,665,1959,weighted_blend,not_saved_candidate_probability
2026-06-01T08:38:58.385855+00:00,42,train,blend_dl03_xgb02_lgbm05,0.5,default_0.5,0.9185576312535508,0.9136172866886316,0.9661629122706967,0.830066960640209,0.8929591074801247,17677,12246,0.9740305585731054,0.9677263294623104,0.09397682198987817,17321,356,2081,10165,weighted_blend,not_saved_candidate_probability
2026-06-01T08:38:58.440424+00:00,42,val,blend_dl03_xgb02_lgbm05,0.5,default_0.5,0.8682363948230157,0.8587248762457513,0.9185882352941176,0.7439024390243902,0.8220678037481575,3789,2624,0.9158678604303858,0.9073344384956953,0.11096426473808294,3616,173,672,1952,weighted_blend,not_saved_candidate_probability
2026-06-01T08:38:58.473962+00:00,42,test,blend_dl03_xgb02_lgbm05,0.5,default_0.5,0.8669889287385,0.8575596507755467,0.9139784946236559,0.745045731707317,0.820911190426202,3789,2624,0.9128693699347921,0.9002564891156687,0.1127765496971937,3605,184,669,1955,weighted_blend,not_saved_candidate_probability
2026-06-01T08:38:58.493018+00:00,42,train,blend_dl03_xgb03_lgbm04,0.5,default_0.5,0.9129766400427765,0.9075351212663905,0.9627567671338069,0.8190429528009145,0.885104129897635,17677,12246,0.9699353486596004,0.9631590635749825,0.09708350842889338,17289,388,2216,10030,weighted_blend,not_saved_candidate_probability
2026-06-01T08:38:58.526667+00:00,42,val,blend_dl03_xgb03_lgbm04,0.5,default_0.5,0.8671448619990644,0.8574678027484921,0.9183191690273843,0.741234756097561,0.8203289751159848,3789,2624,0.915494105208273,0.906885476771523,0.11160746655901145,3616,173,679,1945,weighted_blend,not_saved_candidate_probability
2026-06-01T08:38:58.554818+00:00,42,test,blend_dl03_xgb03_lgbm04,0.5,default_0.5,0.8641821300483393,0.8546286883976411,0.9086247086247087,0.7427591463414634,0.8173621304256657,3789,2624,0.9120586952603492,0.8995525633703277,0.113602695743633,3593,196,675,1949,weighted_blend,not_saved_candidate_probability
2026-06-01T08:38:58.625310+00:00,42,train,blend_dl03_xgb04_lgbm03,0.5,default_0.5,0.90799719279484,0.9021035264891584,0.9592646347363328,0.8095704719908542,0.8780833444045879,17677,12246,0.9651170170117928,0.9579082698716632,0.10028931973236853,17256,421,2332,9914,weighted_blend,not_saved_candidate_probability
2026-06-01T08:38:58.712087+00:00,42,val,blend_dl03_xgb04_lgbm03,0.5,default_0.5,0.8665211289568064,0.8567235576120001,0.9185606060606061,0.739329268292683,0.8192567567567568,3789,2624,0.9148832829628772,0.9062154000545782,0.11231022585531736,3617,172,684,1940,weighted_blend,not_saved_candidate_probability
2026-06-01T08:38:58.744711+00:00,42,test,blend_dl03_xgb04_lgbm03,0.5,default_0.5,0.8634024637455169,0.8537816643095943,0.9076492537313433,0.7416158536585366,0.8162751677852349,3789,2624,0.9110800520119215,0.8986636501748706,0.1144881165495288,3591,198,678,1946,weighted_blend,not_saved_candidate_probability
2026-06-01T08:38:58.769255+00:00,42,train,blend_dl03_xgb05_lgbm02,0.5,default_0.5,0.9022825251478795,0.8958674289381328,0.9547317073170731,0.7991180793728564,0.8700213371266002,17677,12246,0.9595077143779279,0.9519197054042992,0.10359425604826573,17213,464,2460,9786,weighted_blend,not_saved_candidate_probability
2026-06-01T08:38:58.799290+00:00,42,val,blend_dl03_xgb05_lgbm02,0.5,default_0.5,0.8654295961328551,0.855539254705288,0.9171009000473709,0.7378048780487805,0.817740232312566,3789,2624,0.9141267203200536,0.9053756253911049,0.11307254142232327,3614,175,688,1936,weighted_blend,not_saved_candidate_probability
2026-06-01T08:38:58.813453+00:00,42,test,blend_dl03_xgb05_lgbm02,0.5,default_0.5,0.8616871978793077,0.8519075105833237,0.9056515646893974,0.7389481707317073,0.8138509968520462,3789,2624,0.9099483260272032,0.8975835758940878,0.11543281205338106,3587,202,685,1939,weighted_blend,not_saved_candidate_probability
2026-06-01T08:38:58.829996+00:00,42,train,blend_dl03_xgb06_lgbm01,0.5,default_0.5,0.8968352103732915,0.8899394010857296,0.9495435358790616,0.7898905765147803,0.862390228680961,17677,12246,0.9530163160369779,0.9451961936866289,0.10699831313978624,17163,514,2573,9673,weighted_blend,not_saved_candidate_probability
2026-06-01T08:38:58.871485+00:00,42,val,blend_dl03_xgb06_lgbm01,0.5,default_0.5,0.8648058630905973,0.8547932236205683,0.9173396674584323,0.7358993902439024,0.8166631423133855,3789,2624,0.9131727191678092,0.9043406062855445,0.11389441283190001,3615,174,693,1931,weighted_blend,not_saved_candidate_probability
2026-06-01T08:38:58.886153+00:00,42,test,blend_dl03_xgb06_lgbm01,0.5,default_0.5,0.8604397317947918,0.8505204705571058,0.9045390734674777,0.7366615853658537,0.8120142827137156,3789,2624,0.9085811422989528,0.8962768334221324,0.11643678161387229,3585,204,691,1933,weighted_blend,not_saved_candidate_probability
2026-06-01T08:38:58.903000+00:00,42,train,blend_dl03_xgb07_lgbm00,0.5,default_0.5,0.8908866089630051,0.8834552845785948,0.943681454401739,0.7799281398007513,0.854026020476595,17677,12246,0.9455980865231397,0.9377555394197904,0.11050149820245073,17107,570,2695,9551,weighted_blend,not_saved_candidate_probability
2026-06-01T08:38:58.940752+00:00,42,val,blend_dl03_xgb07_lgbm00,0.5,default_0.5,0.8634024637455169,0.8533502866590609,0.9142180094786729,0.7351371951219512,0.8149556400506971,3789,2624,0.9119756161932165,0.9030953677895768,0.11477584206433958,3608,181,695,1929,weighted_blend,not_saved_candidate_probability
2026-06-01T08:38:58.968370+00:00,42,test,blend_dl03_xgb07_lgbm00,0.5,default_0.5,0.8584125994074536,0.8483362052978891,0.901685393258427,0.7339939024390244,0.8092436974789916,3789,2624,0.9069389728932918,0.8946990763510706,0.11750002719721984,3579,210,698,1926,weighted_blend,not_saved_candidate_probability
2026-06-01T08:38:58.999571+00:00,42,train,blend_dl04_xgb00_lgbm06,0.5,default_0.5,0.9219997994853457,0.9176261110133417,0.9596549805230941,0.8449289563939245,0.8986451276706618,17677,12246,0.9712473372257993,0.9646227401380231,0.10544253787154219,17242,435,1899,10347,weighted_blend,not_saved_candidate_probability
2026-06-01T08:38:59.038467+00:00,42,val,blend_dl04_xgb00_lgbm06,0.5,default_0.5,0.8677685950413223,0.8584553097426211,0.914179104477612,0.7469512195121951,0.8221476510067114,3789,2624,0.9151688295386518,0.9064000871913447,0.11452606250301145,3605,184,664,1960,weighted_blend,not_saved_candidate_probability
2026-06-01T08:38:59.099920+00:00,42,test,blend_dl04_xgb00_lgbm06,0.5,default_0.5,0.8673007952596289,0.8582079130627654,0.9094688221709007,0.7503810975609756,0.8223011067028607,3789,2624,0.9129296173454609,0.8997263713694633,0.11603666545669912,3593,196,655,1969,weighted_blend,not_saved_candidate_probability
2026-06-01T08:38:59.129193+00:00,42,train,blend_dl04_xgb01_lgbm05,0.5,default_0.5,0.9160177789660128,0.9111675266895092,0.9554515676181563,0.8336599706026457,0.8904103615193406,17677,12246,0.9670865069806407,0.9598945585503351,0.10856922540587127,17201,476,2037,10209,weighted_blend,not_saved_candidate_probability
2026-06-01T08:38:59.204652+00:00,42,val,blend_dl04_xgb01_lgbm05,0.5,default_0.5,0.8677685950413223,0.8584067515378819,0.9149532710280374,0.7461890243902439,0.8219983207388749,3789,2624,0.9149794374279846,0.9061148105304552,0.11515010471276915,3607,182,666,1958,weighted_blend,not_saved_candidate_probability
2026-06-01T08:38:59.249494+00:00,42,test,blend_dl04_xgb01_lgbm05,0.5,default_0.5,0.8662092624356775,0.8569569063999946,0.9091751621872104,0.7477134146341463,0.820577164366374,3789,2624,0.9123224662694964,0.899210828352997,0.11684694635989439,3593,196,662,1962,weighted_blend,not_saved_candidate_probability
2026-06-01T08:38:59.286497+00:00,42,train,blend_dl04_xgb02_lgbm04,0.5,default_0.5,0.9103365304280988,0.90500966857694,0.9514682277405344,0.8228809407153356,0.8825152165345711,17677,12246,0.9622002406198935,0.9544556886179251,0.11179503160863671,17163,514,2169,10077,weighted_blend,not_saved_candidate_probability
2026-06-01T08:38:59.378101+00:00,42,val,blend_dl04_xgb02_lgbm04,0.5,default_0.5,0.8674567285201934,0.8580484119484277,0.9148737137511693,0.7454268292682927,0.8215035699286014,3789,2624,0.9145627345525238,0.9056030756300312,0.11583370212839611,3607,182,668,1956,weighted_blend,not_saved_candidate_probability
2026-06-01T08:38:59.397550+00:00,42,test,blend_dl04_xgb02_lgbm04,0.5,default_0.5,0.8637143302666459,0.8541902747349601,0.9069767441860465,0.743140243902439,0.8169250104733976,3789,2624,0.9114806620898751,0.898467533063703,0.11771650056993094,3589,200,674,1950,weighted_blend,not_saved_candidate_probability
2026-06-01T08:38:59.415640+00:00,42,train,blend_dl04_xgb03_lgbm03,0.5,default_0.5,0.9044547672359055,0.898662369830249,0.9460229972441319,0.8129185040013065,0.8744345381878871,17677,12246,0.9565114406057097,0.9482600913529595,0.11511996090803366,17109,568,2291,9955,weighted_blend,not_saved_candidate_probability
2026-06-01T08:38:59.446997+00:00,42,val,blend_dl04_xgb03_lgbm03,0.5,default_0.5,0.8671448619990644,0.8576408277863063,0.9155722326454033,0.7439024390243902,0.8208578637510513,3789,2624,0.9139758503434203,0.9049343706797611,0.11657685499596067,3609,180,672,1952,weighted_blend,not_saved_candidate_probability
2026-06-01T08:38:59.462986+00:00,42,test,blend_dl04_xgb03_lgbm03,0.5,default_0.5,0.863090597224388,0.8534227140341688,0.907563025210084,0.7408536585365854,0.8157784305497272,3789,2624,0.9104488623196803,0.8974806669965367,0.11864532874282502,3591,198,680,1944,weighted_blend,not_saved_candidate_probability
2026-06-01T08:38:59.488723+00:00,42,train,blend_dl04_xgb04_lgbm02,0.5,default_0.5,0.8983724893894329,0.8920715967253781,0.9405570977314062,0.8023844520659807,0.865993918829595,17677,12246,0.949909848150626,0.9412510834612231,0.11854401680258224,17056,621,2420,9826,weighted_blend,not_saved_candidate_probability
2026-06-01T08:38:59.522321+00:00,42,val,blend_dl04_xgb04_lgbm02,0.5,default_0.5,0.8662092624356775,0.8565389620534247,0.9157250470809792,0.741234756097561,0.8192923336141533,3789,2624,0.9132056088227152,0.904076638569806,0.11737956564559358,3610,179,679,1945,weighted_blend,not_saved_candidate_probability
2026-06-01T08:38:59.537785+00:00,42,test,blend_dl04_xgb04_lgbm02,0.5,default_0.5,0.8610634648370498,0.8512141252532381,0.9050958391771856,0.7378048780487805,0.812933025404157,3789,2624,0.9092405949668166,0.8962829345950171,0.1196334325848994,3586,203,688,1936,weighted_blend,not_saved_candidate_probability
2026-06-01T08:38:59.563710+00:00,42,train,blend_dl04_xgb05_lgbm01,0.5,default_0.5,0.8909534471810981,0.8840204920361106,0.9335006273525721,0.7898089171974523,0.855664174813111,17677,12246,0.9423577633231655,0.9334612860001853,0.1220671964356426,16988,689,2574,9672,weighted_blend,not_saved_candidate_probability
2026-06-01T08:38:59.596005+00:00,42,val,blend_dl04_xgb05_lgbm01,0.5,default_0.5,0.8648058630905973,0.854996323447434,0.9141914191419142,0.7389481707317073,0.8172813487881981,3789,2624,0.9122546250700037,0.9030358236391781,0.11824183334769402,3607,182,685,1939,weighted_blend,not_saved_candidate_probability
2026-06-01T08:38:59.613561+00:00,42,test,blend_dl04_xgb05_lgbm01,0.5,default_0.5,0.859504132231405,0.8494924559243318,0.9035128805620609,0.7351371951219512,0.8106745114519857,3789,2624,0.9077827383826094,0.8948846507761873,0.12068081103844804,3583,206,695,1929,weighted_blend,not_saved_candidate_probability
2026-06-01T08:38:59.631541+00:00,42,train,blend_dl04_xgb06_lgbm00,0.5,default_0.5,0.8843698826989272,0.8768786458381793,0.9266705516705517,0.7791115466274702,0.8465087392423033,17677,12246,0.9338157607998154,0.9248825659280456,0.12568949482046596,16922,755,2705,9541,weighted_blend,not_saved_candidate_probability
2026-06-01T08:38:59.669551+00:00,42,val,blend_dl04_xgb06_lgbm00,0.5,default_0.5,0.8629346639638235,0.8529637521780471,0.9117508258612553,0.7362804878048781,0.814674256799494,3789,2624,0.9110402223380905,0.901728645663694,0.11916365533061679,3602,187,692,1932,weighted_blend,not_saved_candidate_probability
2026-06-01T08:38:59.688933+00:00,42,test,blend_dl04_xgb06_lgbm00,0.5,default_0.5,0.8574769998440668,0.8473865222943682,0.8995327102803738,0.7336128048780488,0.808144416456759,3789,2624,0.9060962132038185,0.8932793087192304,0.12178746213673954,3574,215,699,1925,weighted_blend,not_saved_candidate_probability
2026-06-01T08:38:59.718857+00:00,42,train,blend_dl05_xgb00_lgbm05,0.5,default_0.5,0.8967015339371053,0.8917948367852588,0.9049093321539142,0.835374816266536,0.8687529191966371,17677,12246,0.955044062816983,0.9447205178307421,0.12621542945615702,16602,1075,2016,10230,weighted_blend,not_saved_candidate_probability
2026-06-01T08:38:59.755500+00:00,42,val,blend_dl05_xgb00_lgbm05,0.5,default_0.5,0.866365195696242,0.8570141938090905,0.9111214518380643,0.7461890243902439,0.8204483553320763,3789,2624,0.9132146610213133,0.9039585861669727,0.12020898361924218,3598,191,666,1958,weighted_blend,not_saved_candidate_probability
2026-06-01T08:38:59.771638+00:00,42,test,blend_dl05_xgb00_lgbm05,0.5,default_0.5,0.8646499298300327,0.855581499850042,0.9023831347387717,0.7503810975609756,0.8193924261339992,3789,2624,0.9109145476475549,0.8973459484087035,0.12181003215347753,3576,213,655,1969,weighted_blend,not_saved_candidate_probability
2026-06-01T08:38:59.792300+00:00,42,train,blend_dl05_xgb01_lgbm04,0.5,default_0.5,0.8878788891488153,0.8824863395503256,0.8945593325641253,0.8230442593499918,0.8573129758006209,17677,12246,0.9489275318806946,0.9377029739293472,0.1295603550862746,16489,1188,2167,10079,weighted_blend,not_saved_candidate_probability
2026-06-01T08:38:59.820432+00:00,42,val,blend_dl05_xgb01_lgbm04,0.5,default_0.5,0.8657414626539841,0.8562977046043272,0.9109557109557109,0.7446646341463414,0.8194590060809394,3789,2624,0.9128731919741999,0.9034998509369554,0.12093297583669206,3598,191,670,1954,weighted_blend,not_saved_candidate_probability
2026-06-01T08:38:59.837310+00:00,42,test,blend_dl05_xgb01_lgbm04,0.5,default_0.5,0.8634024637455169,0.8541284403669724,0.9023941068139963,0.7469512195121951,0.817347789824854,3789,2624,0.9100948710645065,0.8964704257869696,0.12272299374043107,3577,212,664,1960,weighted_blend,not_saved_candidate_probability
2026-06-01T08:38:59.863904+00:00,42,train,blend_dl05_xgb02_lgbm03,0.5,default_0.5,0.8795909501052702,0.8737199342729149,0.884988864142539,0.8112036583374163,0.8464914149375825,17677,12246,0.9419189108981776,0.929813560771314,0.13300440427344168,16386,1291,2312,9934,weighted_blend,not_saved_candidate_probability
2026-06-01T08:38:59.902424+00:00,42,val,blend_dl05_xgb02_lgbm03,0.5,default_0.5,0.8662092624356775,0.8567370198343194,0.9126168224299065,0.7442835365853658,0.8198992443324937,3789,2624,0.9123098434814515,0.9028262603717736,0.12171652411699278,3602,187,671,1953,weighted_blend,not_saved_candidate_probability
2026-06-01T08:38:59.917441+00:00,42,test,blend_dl05_xgb02_lgbm03,0.5,default_0.5,0.8615312646187432,0.8519302712332957,0.9025974025974026,0.7416158536585366,0.8142259414225942,3789,2624,0.9090376245582528,0.8954919428102476,0.12369523034183255,3579,210,678,1946,weighted_blend,not_saved_candidate_probability
2026-06-01T08:38:59.936769+00:00,42,train,blend_dl05_xgb03_lgbm02,0.5,default_0.5,0.8711024964074457,0.8647437921835847,0.8748771114487442,0.7993630573248408,0.8354171111585236,17677,12246,0.9339526349720604,0.9210285901843249,0.13654757804495338,16277,1400,2457,9789,weighted_blend,not_saved_candidate_probability
2026-06-01T08:38:59.976056+00:00,42,val,blend_dl05_xgb03_lgbm02,0.5,default_0.5,0.8648058630905973,0.8551470078873271,0.9118612283169245,0.741234756097561,0.817742274542779,3789,2624,0.9115193853838774,0.9018966529583472,0.12255962919698639,3601,188,679,1945,weighted_blend,not_saved_candidate_probability
2026-06-01T08:38:59.991962+00:00,42,test,blend_dl05_xgb03_lgbm02,0.5,default_0.5,0.8587244659285825,0.8488259050237386,0.8999068901303539,0.7366615853658537,0.8101424979044426,3789,2624,0.9077310402706165,0.8941405457429329,0.12472674109443382,3574,215,691,1933,weighted_blend,not_saved_candidate_probability
2026-06-01T08:39:00.012847+00:00,42,train,blend_dl05_xgb04_lgbm01,0.5,default_0.5,0.8630484911272266,0.8562464894093407,0.8647922636103151,0.7886656867548587,0.8249765097804732,17677,12246,0.9249575934669811,0.9113260528621913,0.1401898771475939,16167,1510,2588,9658,weighted_blend,not_saved_candidate_probability
2026-06-01T08:39:00.042751+00:00,42,val,blend_dl05_xgb04_lgbm01,0.5,default_0.5,0.8621549976610011,0.8523449399596188,0.9073033707865169,0.7385670731707317,0.8142857142857143,3789,2624,0.9104642007673046,0.9007035562852665,0.12346229165060464,3591,198,686,1938,weighted_blend,not_saved_candidate_probability
2026-06-01T08:39:00.063653+00:00,42,test,blend_dl05_xgb04_lgbm01,0.5,default_0.5,0.8574769998440668,0.8473340216324566,0.9002808988764045,0.7328506097560976,0.8079831932773109,3789,2624,0.9061807506807253,0.8926243097482627,0.1258175277979444,3576,213,701,1923,weighted_blend,not_saved_candidate_probability
2026-06-01T08:39:00.083539+00:00,42,train,blend_dl05_xgb05_lgbm00,0.5,default_0.5,0.8536243023760987,0.8463401507451097,0.8523562085647733,0.7769067450596113,0.8128844839371155,17677,12246,0.9148582848904689,0.9006726892473211,0.1439312987922498,16029,1648,2732,9514,weighted_blend,not_saved_candidate_probability
2026-06-01T08:39:00.120050+00:00,42,val,blend_dl05_xgb05_lgbm00,0.5,default_0.5,0.8609075315764853,0.8509315404105999,0.9065727699530517,0.7358993902439024,0.8123685317627262,3789,2624,0.9091424791920129,0.8992377864389749,0.12442450993763927,3590,199,693,1931,weighted_blend,not_saved_candidate_probability
2026-06-01T08:39:00.134756+00:00,42,test,blend_dl05_xgb05_lgbm00,0.5,default_0.5,0.8538905348510837,0.8435595686770849,0.8939747781410555,0.729420731707317,0.8033578174186778,3789,2624,0.9043238932983154,0.8908654886287029,0.1269675878066323,3562,227,710,1914,weighted_blend,not_saved_candidate_probability
2026-06-01T08:39:00.151725+00:00,42,train,blend_dl06_xgb00_lgbm04,0.5,default_0.5,0.8283594559369047,0.823447682835653,0.7802301749960586,0.8082639229136045,0.793999679127226,17677,12246,0.9158861889282939,0.8854800554982508,0.1503794821120145,14889,2788,2348,9898,weighted_blend,not_saved_candidate_probability
2026-06-01T08:39:00.181670+00:00,42,val,blend_dl06_xgb00_lgbm04,0.5,default_0.5,0.8626227974426945,0.8530349909380057,0.905160390516039,0.7419969512195121,0.8154973821989528,3789,2624,0.9099589875055519,0.9000765081971138,0.12690528848824692,3585,204,677,1947,weighted_blend,not_saved_candidate_probability
2026-06-01T08:39:00.198083+00:00,42,test,blend_dl06_xgb00_lgbm04,0.5,default_0.5,0.8604397317947918,0.8511016313372446,0.8960146587265231,0.7454268292682927,0.8138131890992303,3789,2624,0.9076036054303536,0.8933739702010867,0.12862217626059225,3562,227,668,1956,weighted_blend,not_saved_candidate_probability
2026-06-01T08:39:00.216164+00:00,42,train,blend_dl06_xgb01_lgbm03,0.5,default_0.5,0.8194365538214751,0.8140213546350354,0.7721740513881155,0.792666993303936,0.782286335979369,17677,12246,0.9063454292507914,0.8731507827505282,0.15394265075854083,14813,2864,2539,9707,weighted_blend,not_saved_candidate_probability
2026-06-01T08:39:00.277271+00:00,42,val,blend_dl06_xgb01_lgbm03,0.5,default_0.5,0.8621549976610011,0.8523957174050563,0.9065420560747663,0.739329268292683,0.8144416456759026,3789,2624,0.9093875926140497,0.8992925006296095,0.12772923187393587,3589,200,684,1940,weighted_blend,not_saved_candidate_probability
2026-06-01T08:39:00.304049+00:00,42,test,blend_dl06_xgb01_lgbm03,0.5,default_0.5,0.8582566661468891,0.8487220104161809,0.8935291418081689,0.7419969512195121,0.8107432854465959,3789,2624,0.9064984828515148,0.8922169028393359,0.12963782032183127,3557,232,677,1947,weighted_blend,not_saved_candidate_probability
2026-06-01T08:39:00.328816+00:00,42,train,blend_dl06_xgb02_lgbm02,0.5,default_0.5,0.8118504160679076,0.8060262988269278,0.7648094780659622,0.7801731177527356,0.7724149082383378,17677,12246,0.895843272815635,0.8599888759971128,0.15760494474139097,14739,2938,2692,9554,weighted_blend,not_saved_candidate_probability
2026-06-01T08:39:00.359532+00:00,42,val,blend_dl06_xgb02_lgbm02,0.5,default_0.5,0.8593481989708405,0.8493383889633215,0.9030898876404494,0.7351371951219512,0.8105042016806723,3789,2624,0.9085532816432677,0.8982533802421726,0.12861273239712337,3582,207,695,1929,weighted_blend,not_saved_candidate_probability
2026-06-01T08:39:00.377289+00:00,42,test,blend_dl06_xgb02_lgbm02,0.5,default_0.5,0.855605800717293,0.8456724422184938,0.8926919518963923,0.7355182926829268,0.8065190137902215,3789,2624,0.9050889046598304,0.890747486939115,0.13071273927781907,3557,232,694,1930,weighted_blend,not_saved_candidate_probability
2026-06-01T08:39:00.426495+00:00,42,train,blend_dl06_xgb03_lgbm01,0.5,default_0.5,0.8039635063329211,0.7977054323152286,0.7569679394232318,0.7673526049322228,0.762124898621249,17677,12246,0.8843275652022416,0.8460740571253296,0.16136636142445973,14660,3017,2849,9397,weighted_blend,not_saved_candidate_probability
2026-06-01T08:39:00.455504+00:00,42,val,blend_dl06_xgb03_lgbm01,0.5,default_0.5,0.858880399189147,0.8488242759284353,0.9025761124121779,0.734375,0.8098339987392309,3789,2624,0.9074291997373656,0.8970400279674132,0.12955578913486376,3581,208,697,1927,weighted_blend,not_saved_candidate_probability
2026-06-01T08:39:00.470173+00:00,42,test,blend_dl06_xgb03_lgbm01,0.5,default_0.5,0.8537346015905193,0.8436195550153787,0.8906394810009268,0.7324695121951219,0.8038477624424927,3789,2624,0.9033684840262891,0.8890565791879121,0.13184693296535693,3553,236,702,1922,weighted_blend,not_saved_candidate_probability
2026-06-01T08:39:00.486655+00:00,42,train,blend_dl06_xgb04_lgbm00,0.5,default_0.5,0.7953747953079571,0.7886592864394362,0.7480353236652354,0.7539604768904132,0.7509862133474318,17677,12246,0.8717505359178532,0.83144215926644,0.16522690250889796,14567,3110,3013,9233,weighted_blend,not_saved_candidate_probability
2026-06-01T08:39:00.541742+00:00,42,val,blend_dl06_xgb04_lgbm00,0.5,default_0.5,0.8571651333229378,0.8469735912253203,0.9001874414245549,0.7320884146341463,0.8074821353509878,3789,2624,0.9060060432477841,0.8954501819845836,0.13055840229647916,3576,213,703,1921,weighted_blend,not_saved_candidate_probability
2026-06-01T08:39:00.565176+00:00,42,test,blend_dl06_xgb04_lgbm00,0.5,default_0.5,0.8510837361609231,0.8407718609593677,0.8868799258229022,0.7290396341463414,0.8002509935160008,3789,2624,0.9013151436443105,0.8870982458964037,0.13304040118645266,3545,244,711,1913,weighted_blend,not_saved_candidate_probability
2026-06-01T08:39:00.581275+00:00,42,train,blend_dl07_xgb00_lgbm03,0.5,default_0.5,0.7536677472178591,0.7451837172033322,0.6995170663829091,0.6978605258860036,0.698687814250092,17677,12246,0.836300866739949,0.7552518501088146,0.1779346930620597,14006,3671,3700,8546,weighted_blend,not_saved_candidate_probability
2026-06-01T08:39:00.639002+00:00,42,val,blend_dl07_xgb00_lgbm03,0.5,default_0.5,0.8518634024637455,0.8416993487284605,0.8867837338262476,0.7313262195121951,0.8015873015873016,3789,2624,0.9046744145440266,0.8937012695926699,0.13461497778270393,3544,245,705,1919,weighted_blend,not_saved_candidate_probability
2026-06-01T08:39:00.669180+00:00,42,test,blend_dl07_xgb00_lgbm03,0.5,default_0.5,0.8510837361609231,0.8411196177956073,0.8822721026110857,0.7339939024390244,0.8013313917204078,3789,2624,0.9022090985458547,0.8869227098255907,0.13647309775010366,3532,257,698,1926,weighted_blend,not_saved_candidate_probability
2026-06-01T08:39:00.696307+00:00,42,train,blend_dl07_xgb01_lgbm02,0.5,default_0.5,0.7445777495571968,0.7353687922842003,0.6902852418354692,0.6817736403723665,0.6860030401380387,17677,12246,0.8252303703256738,0.7422631265296642,0.18171610663288845,13931,3746,3897,8349,weighted_blend,not_saved_candidate_probability
2026-06-01T08:39:00.725823+00:00,42,val,blend_dl07_xgb01_lgbm02,0.5,default_0.5,0.8503040698581007,0.8398701582446393,0.8866171003717472,0.7271341463414634,0.7989949748743719,3789,2624,0.903739624168807,0.8925431448955706,0.1355388732344098,3545,244,716,1908,weighted_blend,not_saved_candidate_probability
2026-06-01T08:39:00.740302+00:00,42,test,blend_dl07_xgb01_lgbm02,0.5,default_0.5,0.8482769374707625,0.8380438914270846,0.8791915480018374,0.729420731707317,0.7973338887731722,3789,2624,0.9006058535941655,0.8852683758788993,0.13759142492634105,3526,263,710,1914,weighted_blend,not_saved_candidate_probability
2026-06-01T08:39:00.757673+00:00,42,train,blend_dl07_xgb02_lgbm01,0.5,default_0.5,0.7355545901146275,0.7256338328447938,0.6807374655877201,0.6663400293973543,0.6734618082779681,17677,12246,0.8129895199364361,0.7285446885945102,0.18559664329061754,13850,3827,4086,8160,weighted_blend,not_saved_candidate_probability
2026-06-01T08:39:00.788613+00:00,42,val,blend_dl07_xgb02_lgbm01,0.5,default_0.5,0.8487447372524559,0.8380081877529116,0.8868101028999065,0.7225609756097561,0.7963040739185216,3789,2624,0.9024717631751734,0.8909696870061432,0.13652232487860538,3547,242,728,1896,weighted_blend,not_saved_candidate_probability
2026-06-01T08:39:00.808081+00:00,42,test,blend_dl07_xgb02_lgbm01,0.5,default_0.5,0.8446904724777795,0.833949975261532,0.8772011121408712,0.7214176829268293,0.7917189460476788,3789,2624,0.8986264395007371,0.8832351091870988,0.13876902674014738,3524,265,731,1893,weighted_blend,not_saved_candidate_probability
2026-06-01T08:39:00.826853+00:00,42,train,blend_dl07_xgb03_lgbm00,0.5,default_0.5,0.7258964676001738,0.7151694253035878,0.6703454085930918,0.6497631879797485,0.659893846409023,17677,12246,0.7994696713082439,0.714047768852655,0.1895763020006333,13764,3913,4289,7957,weighted_blend,not_saved_candidate_probability
2026-06-01T08:39:00.860405+00:00,42,val,blend_dl07_xgb03_lgbm00,0.5,default_0.5,0.8468735381256822,0.8358910007659295,0.8854460093896713,0.71875,0.7934371055952881,3789,2624,0.9008082205228227,0.8891527986054859,0.13756533267343113,3545,244,738,1886,weighted_blend,not_saved_candidate_probability
2026-06-01T08:39:00.876832+00:00,42,test,blend_dl07_xgb03_lgbm00,0.5,default_0.5,0.8428192733510058,0.8318636661568712,0.8754646840148699,0.7179878048780488,0.7889447236180904,3789,2624,0.8962228796130005,0.8808558994435742,0.14000590211165953,3521,268,740,1884,weighted_blend,not_saved_candidate_probability
2026-06-01T08:39:00.893840+00:00,42,train,blend_dl08_xgb00_lgbm02,0.5,default_0.5,0.6439528122180262,0.6231714789188556,0.5747417840375587,0.49983668136534376,0.5346785464709993,17677,12246,0.7536053648781007,0.6461157897380071,0.20888107596095598,13148,4529,6125,6121,weighted_blend,not_saved_candidate_probability
2026-06-01T08:39:00.923497+00:00,42,val,blend_dl08_xgb00_lgbm02,0.5,default_0.5,0.8378294090129424,0.8266731532475524,0.866327474560592,0.713795731707317,0.7826995403259507,3789,2624,0.8957619215443936,0.8833680889968135,0.14333805387136067,3500,289,751,1873,weighted_blend,not_saved_candidate_probability
2026-06-01T08:39:00.938457+00:00,42,test,blend_dl08_xgb00_lgbm02,0.5,default_0.5,0.8375175424918135,0.8267177804594246,0.8615173674588665,0.7183689024390244,0.7834580216126351,3789,2624,0.8930669814417859,0.8762470537806164,0.1453628002369631,3486,303,739,1885,weighted_blend,not_saved_candidate_probability
2026-06-01T08:39:00.957463+00:00,42,train,blend_dl08_xgb01_lgbm01,0.5,default_0.5,0.6368011228820639,0.6152945630114308,0.5649877381626108,0.48913931079536177,0.5243347338935574,17677,12246,0.739785473577522,0.632445989849084,0.21288073137968225,13065,4612,6256,5990,weighted_blend,not_saved_candidate_probability
2026-06-01T08:39:00.999347+00:00,42,val,blend_dl08_xgb01_lgbm01,0.5,default_0.5,0.8362700764072977,0.8248877912932617,0.8653667595171773,0.7103658536585366,0.780242779405609,3789,2624,0.8942259646022827,0.8814724013056694,0.14436190020567086,3499,290,760,1864,weighted_blend,not_saved_candidate_probability
2026-06-01T08:39:01.014322+00:00,42,test,blend_dl08_xgb01_lgbm01,0.5,default_0.5,0.8350226103227818,0.8237921800490986,0.8608294930875576,0.711890243902439,0.7793074676679183,3789,2624,0.8906564815351242,0.8738197800472223,0.14658380982875463,3487,302,756,1868,weighted_blend,not_saved_candidate_probability
2026-06-01T08:39:01.036662+00:00,42,train,blend_dl08_xgb02_lgbm00,0.5,default_0.5,0.6294154997827758,0.607068661550914,0.5548809410871833,0.47762534705209864,0.5133628823451968,17677,12246,0.7243382072909736,0.6176562678195324,0.21697951066895202,12985,4692,6397,5849,weighted_blend,not_saved_candidate_probability
2026-06-01T08:39:01.068967+00:00,42,val,blend_dl08_xgb02_lgbm00,0.5,default_0.5,0.8361141431467332,0.824556352324306,0.8670088660755949,0.708079268292683,0.7795259072792112,3789,2624,0.8922146666537925,0.8794632697517567,0.14544530328841623,3504,285,766,1858,weighted_blend,not_saved_candidate_probability
2026-06-01T08:39:01.089021+00:00,42,test,blend_dl08_xgb02_lgbm00,0.5,default_0.5,0.8314361453297988,0.8199161022852302,0.8560221504383941,0.7069359756097561,0.7743686078063035,3789,2624,0.8877264357189296,0.8709835574100765,0.1478640929599522,3477,312,769,1855,weighted_blend,not_saved_candidate_probability
2026-06-01T08:39:01.108673+00:00,42,train,blend_dl09_xgb00_lgbm01,0.5,default_0.5,0.5784179393777362,0.5515053852179022,0.4821687445636416,0.4073983341499265,0.44164121630593545,17677,12246,0.649917387674969,0.5441685690034055,0.2432186133028147,12319,5358,7257,4989,weighted_blend,not_saved_candidate_probability
2026-06-01T08:39:01.169181+00:00,42,val,blend_dl09_xgb00_lgbm01,0.5,default_0.5,0.8214564166536722,0.809573299284378,0.8381344307270233,0.6985518292682927,0.762003741425899,3789,2624,0.880686440289284,0.8673292084866473,0.15307451344245251,3435,354,791,1833,weighted_blend,not_saved_candidate_probability
2026-06-01T08:39:01.187087+00:00,42,test,blend_dl09_xgb00_lgbm01,0.5,default_0.5,0.8175580851395603,0.8059421373565336,0.8274774774774775,0.7000762195121951,0.7584640792733278,3789,2624,0.8774414785418639,0.8595141792018337,0.15529128001391762,3406,383,787,1837,weighted_blend,not_saved_candidate_probability
2026-06-01T08:39:01.211212+00:00,42,train,blend_dl09_xgb01_lgbm00,0.5,default_0.5,0.5722019850950774,0.5447178984589385,0.47312348668280874,0.39890576514780335,0.43285632005670993,17677,12246,0.6312165031997453,0.5277707331418475,0.24743651174443018,12237,5440,7361,4885,weighted_blend,not_saved_candidate_probability
2026-06-01T08:39:01.242069+00:00,42,val,blend_dl09_xgb01_lgbm00,0.5,default_0.5,0.8188055512240761,0.8065685999667747,0.8359375,0.6932164634146342,0.7579166666666667,3789,2624,0.8780539100670104,0.8648330881277215,0.15419831128678596,3432,357,805,1819,weighted_blend,not_saved_candidate_probability
2026-06-01T08:39:01.261299+00:00,42,test,blend_dl09_xgb01_lgbm00,0.5,default_0.5,0.8121004210198035,0.8001207604358725,0.8197386210004507,0.6932164634146342,0.7511872806111914,3789,2624,0.8737245955075347,0.856168595635011,0.1566149715272235,3389,400,805,1819,weighted_blend,not_saved_candidate_probability
2026-06-01T08:39:01.280639+00:00,42,train,blend_dl10_xgb00_lgbm00,0.5,default_0.5,0.5305617752230726,0.5020346859594997,0.41436043747028056,0.3557896455985628,0.3828478537849831,17677,12246,0.5029387745629189,0.41200063448550284,0.2809473221909099,11519,6158,7889,4357,weighted_blend,not_saved_candidate_probability
2026-06-01T08:39:01.320730+00:00,42,val,blend_dl10_xgb00_lgbm00,0.5,default_0.5,0.8027444253859348,0.7905399046456305,0.8032128514056225,0.6859756097560976,0.7399794450154162,3789,2624,0.8553079980398972,0.8449196078390688,0.16382435986392196,3348,441,824,1800,weighted_blend,not_saved_candidate_probability
2026-06-01T08:39:01.335572+00:00,42,test,blend_dl10_xgb00_lgbm00,0.5,default_0.5,0.7915172306252923,0.77934882410512,0.7818659658344284,0.6802591463414634,0.7275320970042796,3789,2624,0.8516683604336044,0.8360694454774419,0.16625853963351123,3291,498,839,1785,weighted_blend,not_saved_candidate_probability
